titles,type,google_ratings,google_reviews,google_price,locations,città,lng,lat,data_source
Ristorante Rose & Sapori a Desenzano del Garda,·  · Ristorante,"4,7",(494),€€€,"Lungolago Cesare Battisti, 89",collio,10.33333286,45.81116683,google
Tami' Ristorante Trattoria Di Lazzari Mauro S.A.S.,·  · Ristorante,"4,6",(335),€€,"Piazza Giuseppe Zanardelli, 9",collio,10.33333286,45.81116683,google
Ristorante Residence Park,· Ristorante,"5,0",(1),price not available,"Via Federico Bagozzi, 10",collio,10.33333286,45.81116683,google
Bar Catullo,·  · Bar,"4,6",(82),€,"Piazza Giuseppe Zanardelli, 61",collio,10.33333286,45.81116683,google
Albergo Ristorante Belvedere,· Ristorante,"4,4",(131),price not available,"Via Maniva, 75",collio,10.33333286,45.81116683,google
Rifugio Blachì 1,· Ristorante,"3,7",(23),price not available,Collio BS,collio,10.33333286,45.81116683,google
Tonassi Ottavio,· Ristorante,not available,not available,price not available,"Via Federico Bagozzi, 99",collio,10.33333286,45.81116683,google
Wild Café,· Bar caffè,"4,8",(11),price not available,"Piazza Giuseppe Zanardelli, 55",collio,10.33333286,45.81116683,google
Ristorante Pizzeria Pattinaggio,·  · Ristorante,"4,6",(234),€€,San Colombano BS,collio,10.33333286,45.81116683,google
Bar Loretta,· Bar,"4,5",(4),price not available,"Piazza Giuseppe Zanardelli, 7",collio,10.33333286,45.81116683,google
Cucina Di Montagna Ristorante Snack Bar,· Ristorante,"4,0",(1),price not available,"Via Maniva, 256",collio,10.33333286,45.81116683,google
Albergo Ristorante Pineta,· Ristorante,"4,0",(192),price not available,"Via Maniva, 253/a",collio,10.33333286,45.81116683,google
Trattoria Miravalle,· Cucina tradizionale,"3,6",(5),price not available,Via Maniva,collio,10.33333286,45.81116683,google
Rifugio Blachì 2,· Ristorante,"3,4",(20),price not available,Collio BS,collio,10.33333286,45.81116683,google
Pizzeria Cielo Alto,· Pizza,"4,3",(53),price not available,"Via Maniva, Passo Maniva, 254",collio,10.33333286,45.81116683,google
Aglio e Oglio ROGNO,·  · Ristorante,"4,2",(678),€€,"Via Montegrappa, 1",rogno,10.13343949,45.85782003,google
Pizzeria Le Betulle,·  · Pizza,"4,5",(316),€€,"Largo Aldo Moro, 10",rogno,10.13343949,45.85782003,google
SUSHI ZY RISTORANTE GIAPPONESE GRIGLIA CINESE,·  · Giapponese,"4,4",(301),€€,"Via Vittorio Veneto, 12",rogno,10.13343949,45.85782003,google
Millennium MA. LU,·  · Pizza,"4,5",(52),€,"Via Nazionale, 25",rogno,10.13343949,45.85782003,google
PIZZERIA SPEEDY,· Pizza,"4,3",(71),price not available,"Via S. Caterina da Siena, 4",rogno,10.13343949,45.85782003,google
Ristorante Gli Spiazzi,·  · Ristorante,"4,4",(157),€,"Via Bartolomeo Colleoni, 1",rogno,10.13343949,45.85782003,google
Trattoria Beatì,·  · Cucina tradizionale,"4,5",(1135),€,Artogne BS,rogno,10.13343949,45.85782003,google
Albergo Ristorante Airone,· Hotel,"4,0",(318),price not available,Darfo Boario Terme BS,rogno,10.13343949,45.85782003,google
Osteria Di Bacco,·  · Ristorante,"4,6",(240),€€,Gianico BS,rogno,10.13343949,45.85782003,google
Ristorante Al Campanile,·  · Ristorante,"4,5",(473),€€,Darfo Boario Terme BS,rogno,10.13343949,45.85782003,google
Baita Termen,· Ristorante,"4,3",(1229),price not available,Castione della Presolana BG,rogno,10.13343949,45.85782003,google
La Ruota Blu Ristorante Pizzeria,·  · Ristorante,"4,0",(838),€€,Pian Camuno BS,rogno,10.13343949,45.85782003,google
Trani Braceria Pizzeria,·  · Ristorante,"4,5",(698),€€,Pisogne BS,rogno,10.13343949,45.85782003,google
Tentazioni Ristorante,·  · Italiana,"4,7",(875),€€,Costa Volpino BG,rogno,10.13343949,45.85782003,google
La Tana Da Mario,· Italiana,"4,4",(958),price not available,Gianico BS,rogno,10.13343949,45.85782003,google
Osteria Gabossi,·  · Ristorante,"4,6",(520),€€,Darfo Boario Terme BS,rogno,10.13343949,45.85782003,google
Osteria Spirito Di Vino,·  · Ristorante,"4,5",(404),€€€,Lovere BG,rogno,10.13343949,45.85782003,google
Pinocchio,·  · Ristorante,"4,2",(1529),€€,Lovere BG,rogno,10.13343949,45.85782003,google
Osteria Contini,·  · Ristorante,"4,7",(177),€€€,Angolo Terme BS,rogno,10.13343949,45.85782003,google
Osteria Carlì - Pisogne,· Cucina tradizionale,"4,3",(154),price not available,Fraine BS,rogno,10.13343949,45.85782003,google
Ristorante Le Motte,·  · Ristorante,"4,4",(1883),€€,"Località le Motte, Via alla Corva, 3",valdisotto,10.35511049,46.43167153,google
Ristorante Pizzeria La Krapena,·  · Pizza,"4,3",(423),€€,"Via Nazionale, 31B",valdisotto,10.35511049,46.43167153,google
Bar Ristoro Laghetti,·  · Ristorante,"4,4",(376),€€,localita' Laghetti della Rocca,valdisotto,10.35511049,46.43167153,google
Campeggio Ristorante Pizzeria Cima Piazzi,·  · Ristorante,"4,3",(917),€€,"Via Nazionale, 29",valdisotto,10.35511049,46.43167153,google
Ristoro San Colombano,·  · Bar,"4,3",(161),€€,Località S. Colombano,valdisotto,10.35511049,46.43167153,google
Rifugio Alpino Baita Motin,· Ristorante,"4,5",(292),price not available,Via Crap del Maro,valdisotto,10.35511049,46.43167153,google
Baita de Mario,· Ristorante,"4,4",(318),price not available,Localita' Ciuk 8,valdisotto,10.35511049,46.43167153,google
Albergo Ristorante San Pietro,· Hotel,"4,4",(105),price not available,"Via S. Pietro, 2",valdisotto,10.35511049,46.43167153,google
Enoteca Guanella e Ristorante dell'Enoteca,·  · Ristorante,"4,7",(398),€€,Bormio SO,valdisotto,10.35511049,46.43167153,google
Osteria La Bajona,·  · Ristorante,"4,5",(821),€€,Bormio SO,valdisotto,10.35511049,46.43167153,google
Ciuk Aprés Ski,·  · Ristorante,"4,6",(349),€€,Località Ciuk 6,valdisotto,10.35511049,46.43167153,google
Ristorante Gallo Cedrone,·  · Ristorante,"3,9",(227),€€,"Via Bucellina, 8",valdisotto,10.35511049,46.43167153,google
Ristorante & Pizzeria Eira (B&B),· Ristorante,"4,4",(708),price not available,Bormio SO,valdisotto,10.35511049,46.43167153,google
Ristorante Pizzeria Fior D’Alpe Bormio | Forno a legna e cucina tipica valtellinese,· Ristorante,"4,4",(84),price not available,Valdidentro SO,valdisotto,10.35511049,46.43167153,google
Hotel al Forte,· Hotel,"4,3",(218),price not available,"Via al Forte, 60",valdisotto,10.35511049,46.43167153,google
Osteria Il Triciclo,·  · Ristorante,"4,5",(333),€€,"a, Via Roma, 27",valdisotto,10.35511049,46.43167153,google
Ristorante Chalet dei Rododendri,· Ristorante,"4,4",(469),price not available,Località La Rocca,valdisotto,10.35511049,46.43167153,google
Chiosco da Michele,·  · Ristorante,"4,7",(206),€,"Via Bormio, Localita' Bormio 2000, 1",valdisotto,10.35511049,46.43167153,google
Ristorante tipico valtellinese La Rasiga Bormio,·  · Ristorante,"4,4",(1395),€€,Bormio SO,valdisotto,10.35511049,46.43167153,google
Chalet La Rocca Ristorante Pizzeria,·  · Ristorante,"4,5",(548),€€,Bormio SO,valdisotto,10.35511049,46.43167153,google
Ristorante Gavioli,·  · Cucina raffinata,"4,8",(299),€€€,Bormio SO,valdisotto,10.35511049,46.43167153,google
Oliver American Restaurant,·  · Griglia,"4,2",(2320),€€,Bormio SO,valdisotto,10.35511049,46.43167153,google
Albergo Ristorante Pizzo Tre Signori,· Hotel,"4,3",(195),price not available,not available,valtorta,9.53500677,45.9775777,google
Bar Ristorante Ceresola,· Ristorante,"4,8",(32),price not available,⋅ Apre mer alle ore 09,valtorta,9.53500677,45.9775777,google
Ceresola,· Attrazione turistica,"4,3",(8),price not available,not available,valtorta,9.53500677,45.9775777,google
Bar Arcobaleno,· Bar,"4,5",(11),price not available,Aperto ⋅ Chiude alle ore 20,valtorta,9.53500677,45.9775777,google
Rifugio Trifoglio,· Rifugio di montagna,"4,2",(387),price not available,not available,valtorta,9.53500677,45.9775777,google
Latteria Sociale di Valtorta s.a.c.,· Negozio di formaggi,"4,6",(74),price not available,⋅ 18:30,valtorta,9.53500677,45.9775777,google
Seggiovia Chiavello - Valtorta Piani di Bobbio,· Attrazione turistica,"4,3",(100),price not available,not available,valtorta,9.53500677,45.9775777,google
Pizzeria Piazzole,·  · Pizza,"4,5",(56),€,"Via 4 Novembre, 33",artogne,10.16452435,45.84832151,google
Pizzeria Pim Pam ARTOGNE,·  · Pizza,"4,4",(92),€,"Via Valeriana, 10",artogne,10.16452435,45.84832151,google
Iuiu,· Ristorante,not available,not available,price not available,Via Plagne,artogne,10.16452435,45.84832151,google
Pizza Pazza Da Silvia ARTOGNE,·  · Pizza,"4,7",(94),€,"Via XXV Aprile, 30",artogne,10.16452435,45.84832151,google
Festa Sotto il Tiglio,· Ristorante,"5,0",(4),price not available,"Via Alberzoni, 9",artogne,10.16452435,45.84832151,google
Il Boccone,· Ristorante,"4,2",(28),price not available,"Via Plan di Montecampione, 24",artogne,10.16452435,45.84832151,google
Puerto La Suerte,·  · Ristorante,"4,4",(323),€€,Gianico BS,artogne,10.16452435,45.84832151,google
Ristorante Il Bait,·  · Italiana,"4,6",(363),€€,Via Plan di Montecampione,artogne,10.16452435,45.84832151,google
Luppoleto Gianico - Brew Pub birreria con cucina,·  · Birreria,"4,7",(101),€€,Gianico BS,artogne,10.16452435,45.84832151,google
Ristorante La Piazzetta,·  · Ristorante,"4,5",(396),€€,"Via Pradosole, di",artogne,10.16452435,45.84832151,google
Bim Bum Bar,· Bar,"4,6",(16),price not available,"Piazza A. Lorenzetti, 6",artogne,10.16452435,45.84832151,google
Agriturismo Le Frise,· Agriturismo,"4,5",(171),price not available,"Via Plagne, 12",artogne,10.16452435,45.84832151,google
Bar Station,· Bar,"4,6",(60),price not available,"Viale Leopardi, 29",artogne,10.16452435,45.84832151,google
Rifugio dosso rotondo,·  · Ristorante,"4,6",(474),€€,Via Plan di Montecampione,artogne,10.16452435,45.84832151,google
Al Portico,·  · Ristorante,"4,1",(113),€,Gianico BS,artogne,10.16452435,45.84832151,google
Aglio e Oglio - MILLEeOTTO,· Ristorante,"3,7",(27),price not available,Via Plan di Montecampione,artogne,10.16452435,45.84832151,google
Bar 2000,·  · Ristorante,"4,4",(113),€,Località corniolo,artogne,10.16452435,45.84832151,google
Locanda del Cacciatore,· Ristorante,"4,3",(802),price not available,⋅ Apre mar alle ore 07:30,gromo,9.92990165,45.97038555,google
Ristorante Posta Al Castello,·  · Ristorante,"4,3",(237),€€,"Piazza Dante, 2",gromo,9.92990165,45.97038555,google
Hotel Ristorante Gromo,· Ristorante,"3,8",(158),price not available,Via Papa Giovanni XXIII,gromo,9.92990165,45.97038555,google
Posta Al Castello,"Piazza Dante, 2","4,5",(2),price not available,not available,gromo,9.92990165,45.97038555,google
Bar Del Centro,·  · Bar,"4,4",(230),€,"Piazza Dante, 5",gromo,9.92990165,45.97038555,google
Trattoria da Martino,·  · Ristorante,"4,6",(704),€€,Gandellino BG,gromo,9.92990165,45.97038555,google
Hotel Spiazzi,· Ristorante,"3,9",(384),price not available,"Piazzale Avert, 1",gromo,9.92990165,45.97038555,google
Gromo,· Attrazione turistica,"4,7",(32),price not available,Piazza Dante,gromo,9.92990165,45.97038555,google
Oratorio di Gromo,· Bar,"4,2",(10),price not available,"Via Don Carminati, 5",gromo,9.92990165,45.97038555,google
Bar Valery,·  · Bar,"4,3",(250),€,"Via Giacinto Gambirasio, 18",gromo,9.92990165,45.97038555,google
Chalet Fernanda Di Zamboni Francesco,· Italiana,"4,1",(190),price not available,Piazzale Giovanni Paolo 2°,gromo,9.92990165,45.97038555,google
Ristorante @ Agriturismo Cà Di Racc,· Ristorante,"4,6",(56),price not available,Valgoglio BG,gromo,9.92990165,45.97038555,google
Vittoria Hotel,· Ristorante,"4,6",(453),price not available,"Via Spiazzi, 136",gromo,9.92990165,45.97038555,google
Bar Trota,·  · Bar,"4,5",(197),€,Gandellino BG,gromo,9.92990165,45.97038555,google
Dolce & Salato Pizzeria,· Pizza,"4,6",(82),price not available,Ponte Seghe BG,gromo,9.92990165,45.97038555,google
Casa di slore,· Barbecue,"5,0",(1),price not available,Gromo San Marino BG,gromo,9.92990165,45.97038555,google
Tigli,·  · Italiana,"4,6",(853),€€,"Via C. Besta, 19",teglio,10.06328021,46.17226169,google
Ristorante San Pietro,·  · Ristorante,"4,5",(814),€€,"il martedi, Da settembre chiuso, Via Dottor Egisto Pruneri, 2",teglio,10.06328021,46.17226169,google
Ristorante La Galeda,·  · Ristorante,"4,5",(554),€€,"Via Roma, 8",teglio,10.06328021,46.17226169,google
Ristorante Pizzeria Al Castello,·  · Ristorante,"4,5",(615),€€,"Via Carlo Besta, 10",teglio,10.06328021,46.17226169,google
Hotel Ristorante Bellavista Teglio,· Ristorante,"4,2",(450),price not available,"Via Roma, 32",teglio,10.06328021,46.17226169,google
Combolo Hotel e Ristorante,· Ristorante,"4,5",(1534),price not available,"Via Roma, 5",teglio,10.06328021,46.17226169,google
Hotel Ristorante Residence La Rosa,· Ristorante,"4,4",(424),price not available,"Via Fratelli Lazzaroni, 9",teglio,10.06328021,46.17226169,google
Ristorante Tunina,·  · Ristorante,"4,4",(131),€,"Via Somasassa, 46",teglio,10.06328021,46.17226169,google
Agriturismo La Piana,· Agriturismo,"4,2",(97),price not available,Strada per Prato Valentino,teglio,10.06328021,46.17226169,google
Hotel Ristorante Miravalle,· Hotel,"4,0",(311),price not available,"Via Roma, 70",teglio,10.06328021,46.17226169,google
Bar Sport,· Bar,"4,3",(128),price not available,"Via Roma, 11",teglio,10.06328021,46.17226169,google
Laghetto sommasassa,·  · Ristorante,"4,4",(55),€,Via Somasassa,teglio,10.06328021,46.17226169,google
Ristorante La Corna,·  · Italiana,"4,5",(351),€€,"Via Chiesa, 9",teglio,10.06328021,46.17226169,google
Ristorante Fracia,·  · Italiana,"4,6",(453),€€,"Località, Via Fracia",teglio,10.06328021,46.17226169,google
Ristorante Belandin - Hotel,· Ristorante,"4,5",(719),price not available,"Via Casa Scranzi, 28",teglio,10.06328021,46.17226169,google
Gran Bar,·  · Bar,"4,2",(292),€€,"Largo Eugenio Morelli, 6",teglio,10.06328021,46.17226169,google
Bar Italia,·  · Bar,"4,4",(87),€,"Salita S. Silvestro, 1",teglio,10.06328021,46.17226169,google
Agriturismo Il Vecchio Torchio,· Agriturismo,"4,5",(490),price not available,"Via Arboledo, 15",teglio,10.06328021,46.17226169,google
Accademia del Pizzocchero di Teglio,· Associazione o organizzazione,"4,6",(42),price not available,"Piazza S.Eufemia, 6",teglio,10.06328021,46.17226169,google
Chalet Baita Del Sole,·  · Ristorante,"4,0",(386),€€,Prato Valentino SO,teglio,10.06328021,46.17226169,google
IL MULINEL,· Agriturismo,"4,7",(144),price not available,"LOC. TEGLIO - VIA CA, Via Casa Scranzi",teglio,10.06328021,46.17226169,google
Marameo Pizzeria d'Asporto,·  · Pizza da asporto,"4,2",(60),€,"Via Roma, 4",teglio,10.06328021,46.17226169,google
Agriturismo Da Alberta,· Agriturismo,"4,8",(103),price not available,"Via Dosso Rigoletto, 2",teglio,10.06328021,46.17226169,google
Rifugio Cristina Valbelviso,· Ristorante,"4,4",(160),price not available,"Via san Paolo, 7",teglio,10.06328021,46.17226169,google
Agritur,· Ristorante,not available,not available,price not available,"Via Arboledo, 15",teglio,10.06328021,46.17226169,google
Crotto del Fuin,· Italiana,"4,3",(665),price not available,⋅ Apre mar alle ore 11:30,piuro,9.4208521,46.32946842,google
Crotto Belvedere,·  · Ristorante,"4,4",(1638),€€,Piazza della Chiesa,piuro,9.4208521,46.32946842,google
Restaurant Baita del Capriolo,·  · Ristorante,"4,5",(267),€€,Piuro SO,piuro,9.4208521,46.32946842,google
Crotto Quartino,·  · Ristorante,"4,4",(2406),€€,"Strada comunale dei Quartino, 5 23020, Via dei Quartini, 5",piuro,9.4208521,46.32946842,google
Mood - Bar con Cucina - Borgonuovo di Piuro (SO),· Ristorante,"4,4",(42),price not available,"Via Sarlone, 1/A",piuro,9.4208521,46.32946842,google
Ristoro Val di Lei,·  · Ristorante,"4,6",(78),€€,SO,piuro,9.4208521,46.32946842,google
Pizzeria Pink Panther,·  · Pizza,"4,2",(220),€,"Via Nazionale, 4",piuro,9.4208521,46.32946842,google
Ristorante Passerini,·  · Ristorante,"4,6",(160),€€€,Chiavenna SO,piuro,9.4208521,46.32946842,google
Crotto al Prato,· Ristorante,"4,3",(1370),price not available,Chiavenna SO,piuro,9.4208521,46.32946842,google
Ristorante Crotto Ombra,·  · Ristorante,"4,5",(1157),€€,Chiavenna SO,piuro,9.4208521,46.32946842,google
Crotto Giovanantoni,·  · Ristorante,"4,3",(390),€,Chiavenna SO,piuro,9.4208521,46.32946842,google
Kiosko Legnone Food&Beer,· Griglia,"4,0",(27),price not available,"Via Sant’Abbondio, 2",piuro,9.4208521,46.32946842,google
Bar Cascata,·  · Bar,"4,2",(57),€€,"Strada Comunale Di Borgonuovo, Piuro, So 23020",piuro,9.4208521,46.32946842,google
Il Cantinone,·  · Cucina raffinata,"4,8",(52),€€€€,"Via Antonio De Giacomi, 39",madesimo,9.3441755,46.42815069,google
Tec de l'Urs,·  · Ristorante,"3,9",(349),€€,"Via Antonio De Giacomi, 23",madesimo,9.3441755,46.42815069,google
Ristorante 1945,· Ristorante,"4,0",(6),price not available,"Via G. Carducci, 8",madesimo,9.3441755,46.42815069,google
Ristorante Soldanella,· Ristorante,"4,4",(39),price not available,"Via Antonio De Giacomi, 1",madesimo,9.3441755,46.42815069,google
Tommy Madesimo,·  · Ristopub,"4,3",(90),€€,"Via Mater, 2",madesimo,9.3441755,46.42815069,google
DallAle Bistrot,· Panini,"4,6",(65),price not available,"Via Antonio De Giacomi, 5",madesimo,9.3441755,46.42815069,google
Ristorante @ Chalet Capriolo,· Ristorante,"5,0",(2),price not available,"Via G. Carducci, 33",madesimo,9.3441755,46.42815069,google
La Sorgente,·  · Ristorante,"3,8",(326),€€,"Via Emet, 12",madesimo,9.3441755,46.42815069,google
Queen's Club,· Ristorante,"1,0",(2),price not available,"Via Antonio De Giacomi, 2",madesimo,9.3441755,46.42815069,google
La Baitella,·  · Ristorante,"4,4",(104),€€,"Località, Via Andossi",madesimo,9.3441755,46.42815069,google
Ristorante Dogana Vegia,·  · Ristorante,"4,0",(147),€€,"Via Emet, 65",madesimo,9.3441755,46.42815069,google
Caffè Centrale Madesimo,· Bar,"3,8",(87),price not available,"Piazza Bertacchi, 2",madesimo,9.3441755,46.42815069,google
La Bicocca,· Ristorante,"4,7",(113),price not available,"Via Calzaferri, 1",madesimo,9.3441755,46.42815069,google
Bollicine,·  · Bar,"3,9",(263),€€,"Via G. Carducci, 19",madesimo,9.3441755,46.42815069,google
Osteria Vegia,·  · Ristorante,"4,6",(457),€€,"Via Cascata, 7",madesimo,9.3441755,46.42815069,google
Magnum,· Ristorante,"4,2",(37),price not available,"Unnamed Road, 23024",madesimo,9.3441755,46.42815069,google
Caffè La Genuina,·  · Caffetteria,"4,1",(158),€€,"Via Antonio De Giacomi, 7",madesimo,9.3441755,46.42815069,google
Ristorante al Bosco,· Ristorante,not available,not available,price not available,"Via per Motta, 14",madesimo,9.3441755,46.42815069,google
Ristorante k2,· Italiana,"3,0",(2),price not available,"Via G. Carducci, 11",madesimo,9.3441755,46.42815069,google
Red Fox,·  · Bar,"4,3",(103),€,"23024, Via Antonio De Giacomi, 23",madesimo,9.3441755,46.42815069,google
Hotel Soldanella,· Hotel,"4,3",(293),price not available,"Via Antonio De Giacomi, 1",madesimo,9.3441755,46.42815069,google
Pizzeria Da Caballus,· Pizza,not available,not available,price not available,Madesimo SO,madesimo,9.3441755,46.42815069,google
Carducci,· Bar,"4,7",(19),price not available,"23024, Via Duilio Brenta, 3",madesimo,9.3441755,46.42815069,google
Magnum Madesimo,"Località, Via Andossi","4,2",(5),price not available,not available,madesimo,9.3441755,46.42815069,google
Bianco e Turchino,· Ristorante,not available,not available,price not available,"Via G. Carducci, 59",madesimo,9.3441755,46.42815069,google
Bar Pizzeria Palasport,· Bar,"4,5",(8),price not available,"Via Degli Argini, 4",madesimo,9.3441755,46.42815069,google
I Larici,· Ristorante,"4,5",(1533),price not available,pian dei larici,madesimo,9.3441755,46.42815069,google
Ristorante Suretta,·  · Ristorante,"4,3",(247),€€,"Via per Motta, 3",madesimo,9.3441755,46.42815069,google
La libellula,·  · Ristorante,"4,4",(172),€€,"Viale faggeto, 4",margno,9.37998387,46.03048114,google
Trattoria Regina - Crandola Valsassina (lc),·  · Ristorante,"4,5",(1446),€,Crandola Valsassina LC,margno,9.37998387,46.03048114,google
Osteria Il Gatto E La Volpe - Vegno-Crandola Valsassina (lc),·  · Ristorante,"4,5",(239),€,Crandola Valsassina LC,margno,9.37998387,46.03048114,google
Ragno Orobic Pub,·  · Pub,"4,4",(128),€,"Via al Tennis, 9",margno,9.37998387,46.03048114,google
Da Gigi Crandola Ristorante Albergo,· Ristorante,"4,7",(660),price not available,Crandola Valsassina LC,margno,9.37998387,46.03048114,google
Albergo Ristorante Baitock,· Ristorante,"4,0",(150),price not available,Viale sciatori,margno,9.37998387,46.03048114,google
Hotel Ristorante Sassi Rossi,· Ristorante,"4,1",(526),price not available,Crandola Valsassina LC,margno,9.37998387,46.03048114,google
Albergo Ristorante Baci,· Ristorante,"4,3",(633),price not available,⋅ Apre mar alle ore 00,valbondione,10.01261961,46.03798458,google
Ostello Casa Corti,· Ristorante,"4,4",(334),price not available,not available,valbondione,10.01261961,46.03798458,google
Pesca sportiva con centro sportivi,·  · Ristorante,"4,3",(66),price not available,€,valbondione,10.01261961,46.03798458,google
Albergo Morandi,· Ristorante,"4,5",(341),price not available,not available,valbondione,10.01261961,46.03798458,google
RIFUGIO DUE BAITE,· Ristorante,"4,7",(94),price not available,⋅ Apre sab alle ore 09,valbondione,10.01261961,46.03798458,google
Agriturismo e Azienda Agricola Stala di Mostacc,· Agriturismo,"4,1",(140),price not available,not available,valbondione,10.01261961,46.03798458,google
Ol Mulinerì,·  · Fornaio,"4,3",(432),price not available,€€,valbondione,10.01261961,46.03798458,google
BAR RISTORANTE AURORA,·  · Cucina tradizionale,"4,4",(82),price not available,€,valbondione,10.01261961,46.03798458,google
Rifugio Antonio Curò,· Rifugio di montagna,"4,6",(1261),price not available,not available,valbondione,10.01261961,46.03798458,google
Crazy bar pizzeria,· Pizza,"4,8",(4),price not available,⋅ Apre sab alle ore 07:30,valbondione,10.01261961,46.03798458,google
Cavandola,· Pizza,"2,8",(22),price not available,not available,valbondione,10.01261961,46.03798458,google
Rifugio Campel,· Rifugio di montagna,"4,3",(363),price not available,not available,valbondione,10.01261961,46.03798458,google
Bar Trota,·  · Bar,"4,5",(197),price not available,€,valbondione,10.01261961,46.03798458,google
Colonnina di ricarica Nuova Trattoria la Cascate - e-Station,· Stazione di ricarica per veicoli elettrici,"4,8",(6),price not available,not available,valbondione,10.01261961,46.03798458,google
"Room&Breakfast Ristorante Pizzeria Cafè ""Il Melograno""",· Ristorante,"3,6",(45),price not available,not available,valbondione,10.01261961,46.03798458,google
Rifugio Mirtillo,· Rifugio,"4,6",(277),price not available,not available,valbondione,10.01261961,46.03798458,google
Trattoria Del Viandante,·  · Ristorante,"4,4",(483),€€,"Via Fioravante Moreschi, 28",bagolino,10.46893818,45.82122915,google
Bar Trattoria Ancora,·  · Ristorante,"4,2",(180),€,"Via S. Rocco, 34",bagolino,10.46893818,45.82122915,google
Al Cavallino,·  · Pizza,"4,3",(282),€€,"Via S. Giorgio, 164",bagolino,10.46893818,45.82122915,google
La Malga del Re,· Ristorante,"4,7",(54),price not available,"Via Sant'Anna, 37",bagolino,10.46893818,45.82122915,google
Pizzeria Nuovo Fiore,·  · Pizza,"4,4",(168),€,"Via Siano, 16",bagolino,10.46893818,45.82122915,google
"Albergo Ristorante Bar Gelateria ""Al Tempo Perduto""",· Ristorante,"4,3",(226),price not available,"Via S. Rocco, 46",bagolino,10.46893818,45.82122915,google
Monte Pizza,· Pizza,"4,6",(39),price not available,"Via S. Giorgio, 125",bagolino,10.46893818,45.82122915,google
Live Pub Pineta,·  · Panini,"4,3",(264),€,Via Mignano,bagolino,10.46893818,45.82122915,google
Trattoria Cerreto,·  · Italiana,"4,6",(388),€€,"Via Cerreto, 3e",bagolino,10.46893818,45.82122915,google
Bar Birreria Centrale Di Zaneti Nerio,· Birreria,"3,0",(2),price not available,"Via S. Rocco, 2",bagolino,10.46893818,45.82122915,google
La Baita S.A.S Di Scalvini Matteo & C. Ristorante Pizzeria,·  · Pizza,"4,5",(442),€€,"Via Pissisidolo, 18",bagolino,10.46893818,45.82122915,google
Bar Maniva,· Bar,"4,6",(69),price not available,"Piazza Guglielmo Marconi, 2",bagolino,10.46893818,45.82122915,google
Ristorante Bar Pratolungo,·  · Ristorante,"3,8",(39),€€,Località Maniva,bagolino,10.46893818,45.82122915,google
Rifugio Fabus Di Alberti Franca,·  · Ristorante,"4,7",(327),€€,Localita' Maniva-Fabus,bagolino,10.46893818,45.82122915,google
Bar Amici bagolino,· Bar,"4,4",(118),price not available,"Piazza Guglielmo Marconi, 1",bagolino,10.46893818,45.82122915,google
Ristorante il Caminetto,· Ristorante,"3,9",(56),price not available,"Via Valle Dorizzo, 25",bagolino,10.46893818,45.82122915,google
L'Ontano comfort food & drink,· Italiana,not available,not available,price not available,"Via Pian d'Oneda, 40",bagolino,10.46893818,45.82122915,google
Chalet Maniva,· Ristorante,"4,4",(230),price not available,"Località Maniva, 6",bagolino,10.46893818,45.82122915,google
Bar Ristorante e Negozio di articoli sportivi Benini Luciano,·  · Ristorante,"4,8",(48),€€,"Via Valle Dorizzo, 23A",bagolino,10.46893818,45.82122915,google
Albergo e Ristorante Al Pescatore di Faes Angiolina e Figli Snc,·  · Ristorante,"4,0",(428),€€,"Via dei Quadri Quarta, 36",bagolino,10.46893818,45.82122915,google
Ristorante Pizzeria Villa la pausa,·  · Italiana,"4,5",(807),€€,"Via S. Giacomo, 42",bagolino,10.46893818,45.82122915,google
Trattoria Taverna,·  · Cucina tradizionale,"4,5",(174),€,"Via P. Prudenzini, 15",breno,10.30204086,45.95601285,google
Ristorante Pizzeria Bar Giardino,·  · Cucina tradizionale,"4,3",(787),€€,"Viale 28 Aprile, 7",breno,10.30204086,45.95601285,google
Ristorante Pizzeria Bracconiere,·  · Pizza,"4,5",(284),€€,"Località Degna, Snc",breno,10.30204086,45.95601285,google
AQUILETTA,·  · Pizza,"4,4",(235),€,"Via Leonardo da Vinci, 17",breno,10.30204086,45.95601285,google
Locanda Albergo Gaver,·  · Ristorante,"4,3",(321),€€,Località Gaver,breno,10.30204086,45.95601285,google
Pizza Impero,· Ristorante,"4,4",(21),price not available,"Piazza Sant'Antonio, 4",breno,10.30204086,45.95601285,google
L’OSTERIA,·  · Bar,"4,8",(66),€€,"Piazza Sant'Antonio, 5",breno,10.30204086,45.95601285,google
Delizioso kebab pizza,· Ristorante,"4,8",(52),price not available,"Via professore francesco, Via Professor Francesco Domenighini, 3",breno,10.30204086,45.95601285,google
Breno Pizza,· Pizza,"4,6",(28),price not available,"SP345, 75",breno,10.30204086,45.95601285,google
GianGusto,·  · Ristorante,"4,4",(130),€,"Piazza Generale Pietro Ronchi, 18",breno,10.30204086,45.95601285,google
Conti Vielmi Margherita,· Ristorante,"5,0",(4),price not available,"Via Cisternello, 1A",breno,10.30204086,45.95601285,google
I PORTICI Pizzeria Griglieria,· Ristorante di pesce,"4,4",(27),price not available,"Via Professor Fortunato Canevali, 14",breno,10.30204086,45.95601285,google
Pizzeria Break Breno,· Pizza da asporto,"4,6",(39),price not available,"Via Martiri della Libertà, 24",breno,10.30204086,45.95601285,google
Che Botèp,· Birreria,"4,7",(21),price not available,Piazza Generale Pietro Ronchi,breno,10.30204086,45.95601285,google
Bubu 7 Di Baisotti Sebastian,· Pizza,"4,0",(3),price not available,"Piazza Lino Vielmi, 39",breno,10.30204086,45.95601285,google
Locanda Gaver Di Zanetti Maurizio,· Ristorante,not available,not available,price not available,"Località Gaver, 3",breno,10.30204086,45.95601285,google
Bistrò Le Coccinelle - Bar & Tavola calda,· Bar,"4,8",(8),price not available,"Via Leonardo da Vinci, 6",breno,10.30204086,45.95601285,google
Ristorante Monte Misa Cascinone,· Ristorante,"4,3",(18),price not available,Breno BS,breno,10.30204086,45.95601285,google
Gufetto Pizza,·  · Pizza,"4,5",(49),€,Piazza Lino Vielmi,breno,10.30204086,45.95601285,google
upupa coffee wine restaurant,·  · Caffè,"4,5",(162),€,"Via Leonardo da Vinci, 46",breno,10.30204086,45.95601285,google
Trattoria S. Clemente,·  · Barbecue,"4,4",(178),€,"Via S. Clemente, 4",pisogne,10.10889801,45.80480282,google
La Curt Restaurant,·  · Italiana,"4,5",(448),€€,"Via Papa Paolo VI, 7",pisogne,10.10889801,45.80480282,google
Ristorante Pizzeria Naet,·  · Ristorante,"4,2",(603),€€,"Via Roma, 8",pisogne,10.10889801,45.80480282,google
Ristorante Pizzeria Il Tazio,·  · Ristorante,"4,1",(520),€€,"Piazza Mercato, 1",pisogne,10.10889801,45.80480282,google
Trattoria del Vescovo,· Ristorante,"4,6",(145),price not available,"Piazza Vescovo Corna Pellegrini, 4/A",pisogne,10.10889801,45.80480282,google
Ristorante Pizzeria Goen,·  · Italiana,"4,2",(1230),€€,"Corso Giuseppe Zanardelli, 15",pisogne,10.10889801,45.80480282,google
Trattoria La Brasera,· Specialità carne alla griglia,"4,2",(689),price not available,"Via S. Girolamo, 5",pisogne,10.10889801,45.80480282,google
Ristorante El Lac,· Ristorante,"4,7",(19),price not available,"Via Don G. Recaldini, 1",pisogne,10.10889801,45.80480282,google
Il Nuovo Guscio,· Ristorante di pesce,"4,6",(77),price not available,"Piazza Vescovo Corna Pellegrini, 12b",pisogne,10.10889801,45.80480282,google
Trattoria Dosso Seradino,·  · Cucina tradizionale,"4,3",(379),€€,"Località Dosso Seradino, 39",pisogne,10.10889801,45.80480282,google
夢 Yume restaurant,·  · Giapponese,"4,7",(181),€€€,"Via Milano, 3",pisogne,10.10889801,45.80480282,google
La Piadina,· Ristorante,"3,5",(72),price not available,"Via Roma, 4",pisogne,10.10889801,45.80480282,google
Burgerzilla,·  · Ristorante,"4,4",(282),€,"Via Trento, 16",pisogne,10.10889801,45.80480282,google
Villa Damioli,· Ristorante,"4,6",(40),price not available,"Piazza Vescovo Corna Pellegrini, 8",pisogne,10.10889801,45.80480282,google
Pizzicotto,·  · Pizza,"4,2",(150),€,"Piazza Umberto I, 9",pisogne,10.10889801,45.80480282,google
Antica Dogana,· Ristorante,"5,0",(23),price not available,"Via Papa Paolo VI, 2a",pisogne,10.10889801,45.80480282,google
Baobab lounge cafè - pizzeria - business lunch,·  · Pizza,"4,1",(571),€€,"Piazza Mercato, 7",pisogne,10.10889801,45.80480282,google
Matti per la pizza,· Pizza da asporto,"4,7",(61),price not available,"Via S. Marco, 16",pisogne,10.10889801,45.80480282,google
Tosi Luciano,· Italiana,"3,5",(4),price not available,"Via Mandalossa, 5",pisogne,10.10889801,45.80480282,google
Eat Happy Pisogne,· Sushi takeaway,"5,0",(3),price not available,"Via della Repubblica, 1",pisogne,10.10889801,45.80480282,google
Ostaria San Michele - Cucina Tipica e Pizzeria,·  · Cucina tradizionale,"4,4",(196),€€,"Via San Michele, 6",pisogne,10.10889801,45.80480282,google
Agriturismo Alveare sul Lago,· Ristorante,"4,8",(93),price not available,Località Sonvico Superiore,pisogne,10.10889801,45.80480282,google
Lake Hotel La Pieve,· Hotel,"4,4",(464),price not available,"Villaggio Don Giovanni Recaldini, 1",pisogne,10.10889801,45.80480282,google
Bar Centrale,·  · Bar,"4,2",(509),€€,"Via Papa Paolo VI, 2",pisogne,10.10889801,45.80480282,google
New Generation,· Ristorante,"4,5",(102),price not available,Costa Volpino BG,pisogne,10.10889801,45.80480282,google
Italmark,· Alimentari,"3,9",(1284),price not available,"Via della Repubblica, 1",pisogne,10.10889801,45.80480282,google
Barbai,· Bar,"4,5",(148),price not available,"Piazza Vescovo Corna Pellegrini, 10",pisogne,10.10889801,45.80480282,google
D4 Bistrot,·  · Bistrò,"4,5",(102),€€,Costa Volpino BG,pisogne,10.10889801,45.80480282,google
Chiosco al Parco Pisogne,· Caffè,"4,7",(15),price not available,"Via Pieve, 2",pisogne,10.10889801,45.80480282,google
Ristorante Duadell Val Palot,· Ristorante,"4,1",(27),price not available,"Unnamed Road, 25055",pisogne,10.10889801,45.80480282,google
Morgana,·  · Bar,"3,5",(879),€€,"Piazza Alpini, 2",pisogne,10.10889801,45.80480282,google
Bar ristorante concordia,·  · Ristorante,"4,0",(231),€,Costa Volpino BG,pisogne,10.10889801,45.80480282,google
Agriturismo La Morina,· Ristorante,"4,5",(19),price not available,Loc. Digone,pisogne,10.10889801,45.80480282,google
Trattoria Bar da Lionello (Cristian),·  · Ristorante,"4,5",(116),€,"Via Provinciale, 27",pisogne,10.10889801,45.80480282,google
Caffe Corte,· Caffè,"4,6",(7),price not available,Via Trobiolo,pisogne,10.10889801,45.80480282,google
K2 coffee drinks food,· Ristorante,"4,6",(28),price not available,Costa Volpino BG,pisogne,10.10889801,45.80480282,google
Bar Bellesi Di Zanotti Omar,· Bar,"5,0",(2),price not available,"Via Provinciale, 28",pisogne,10.10889801,45.80480282,google
Romangelo,· Ristorante,"4,4",(94),price not available,Agriturismo Romangelo,pisogne,10.10889801,45.80480282,google
Caffetteria Bar Posta,· Bar,"4,5",(43),price not available,Piazza Vittoria,pisogne,10.10889801,45.80480282,google
Lungolago Pisogne,· Area per passeggiate,"4,6",(464),price not available,Via Papa Paolo VI,pisogne,10.10889801,45.80480282,google
Ristorante Pizzeria Il Cenacolo,·  · Pizza,"4,3",(339),€€,Costa Volpino BG,pisogne,10.10889801,45.80480282,google
Bar del Commercio,·  · Caffè,"4,2",(278),€€,Piazza Umberto,pisogne,10.10889801,45.80480282,google
El Dos del Bec,· Agriturismo,"4,4",(401),price not available,Via Canale,pisogne,10.10889801,45.80480282,google
Yang Asian Restaurant - Costa Volpino,·  · Sushi,"4,6",(1037),€€,Costa Volpino BG,pisogne,10.10889801,45.80480282,google
Punto Shop 24,· Caffè,"4,0",(1),price not available,"piazza umberto I, 10/b",pisogne,10.10889801,45.80480282,google
Istanbul Turkish Kebap Pizzeria-Bar,·  · Ristorante,"4,5",(786),€,Costa Volpino BG,pisogne,10.10889801,45.80480282,google
Ristorante Pizzeria Bersaglio,·  · Italiana,"3,6",(56),€€,Costa Volpino BG,pisogne,10.10889801,45.80480282,google
La Campagnola,·  · Pizza,"4,2",(679),€€,Lovere BG,pisogne,10.10889801,45.80480282,google
Hotel Capovilla,· Hotel,"4,3",(223),price not available,"Via Papa Paolo VI, 7",pisogne,10.10889801,45.80480282,google
Albergo Ristorante Stube,· Ristorante,"4,2",(365),price not available,Pian Camuno BS,pisogne,10.10889801,45.80480282,google
RIstorante Pizzeria Duadell Val Palot,· Consegna di pasti a domicilio,"4,1",(141),price not available,not available,pisogne,10.10889801,45.80480282,google
Bar Al Portico Di Sterni Mara,·  · Bar,"4,5",(39),€,"Corso Nave Corriera, 17A",pisogne,10.10889801,45.80480282,google
Ristorante @ Gabà,· Ristorante,"4,7",(75),price not available,⋅ 19,borno,10.20580785,45.94679424,google
Ristorante SAN FERMO,·  · Italiana,"4,6",(203),€€,"Via Vittorio Veneto, 79",borno,10.20580785,45.94679424,google
Ristorante Pizzeria Venturelli,· Ristorante,"4,4",(54),price not available,"Via Roma, 9",borno,10.20580785,45.94679424,google
Ristorante Pizzeria al Mulì,·  · Pizza,"4,4",(476),€€,"Via Monte Grappa, 2",borno,10.20580785,45.94679424,google
PizzCamì Ristorante Pizzeria,·  · Pizza,"4,5",(292),€€,"Via Don Pinotti, 11",borno,10.20580785,45.94679424,google
Piandass,·  · Pizza,"4,2",(428),€,"Viale Pineta, 30",borno,10.20580785,45.94679424,google
Osteria al Cantinì,·  · Ristorante,"4,7",(901),€€,"Via Vittorio Emanuele, 17",borno,10.20580785,45.94679424,google
Ristorante Albergo Belvedere,· Italiana,"4,3",(283),price not available,"Via Giardini, 30",borno,10.20580785,45.94679424,google
Albergo Ristorante Gabà,· Ristorante,"4,5",(468),price not available,"Viale Pineta, 34",borno,10.20580785,45.94679424,google
Pizzeria Lè Stess,· Pizza,"4,7",(248),price not available,"Via Rivadossa, 5b",borno,10.20580785,45.94679424,google
Al Pattinaggio,· Italiana,"3,8",(58),price not available,"Via Calamè, 21",borno,10.20580785,45.94679424,google
Posti contati,·  · Pizza,"4,5",(172),€,"Via Calamè, 3",borno,10.20580785,45.94679424,google
Baita Corna Rossa,· Ristorante,"4,1",(71),price not available,"Viale Pineta, 39",borno,10.20580785,45.94679424,google
Miorotti Domenico,· Pizza,"3,9",(7),price not available,"Viale Pineta, 30",borno,10.20580785,45.94679424,google
Navertino Trattoria e Bed&Breakfast,· Ristorante,"4,4",(394),price not available,"Via Navertino, 4",borno,10.20580785,45.94679424,google
Ristorante Cristallo Blu,· Ristorante,"4,4",(156),price not available,"Via Funivia, 41",borno,10.20580785,45.94679424,google
Rock&Blues,·  · Birreria,"4,3",(227),€,"Via Giardini, 35",borno,10.20580785,45.94679424,google
Bottega 1892,· Locale specializzato in cocktail,"4,7",(31),price not available,Via Monte Grappa,borno,10.20580785,45.94679424,google
Bar Pineta,·  · Griglia,"4,4",(161),€,Viale Pineta,borno,10.20580785,45.94679424,google
Bar Galleria Da Pierino,· Caffetteria,"4,5",(237),price not available,"Via Giardini, 4",borno,10.20580785,45.94679424,google
La Forneria F.lli Rigali,·  · Bar,"4,3",(472),price not available,€€,borno,10.20580785,45.94679424,google
Chalet Lova,·  · Ristorante,"4,4",(259),€€,"Località Lago di Lova snc, 25042",borno,10.20580785,45.94679424,google
Friends Pub,·  · Bar,"3,4",(28),€,"Via San Fermo, 2",borno,10.20580785,45.94679424,google
Ristorante Pizzeria La Tegola,·  · Pizza,"3,7",(96),€€,Piancogno BS,borno,10.20580785,45.94679424,google
Rifugio Monte Altissimo,·  · Ristorante,"4,5",(525),€€,Altissimo 1703,borno,10.20580785,45.94679424,google
Lago giallo,·  · Griglia,"4,2",(237),€€,"Via Giallo, 21",borno,10.20580785,45.94679424,google
Ristorante Capanna Plai Rifugio-Museo,·  · Cucina tradizionale,"4,3",(150),€,Località Plai,borno,10.20580785,45.94679424,google
Lostricheria,·  · Ristorante di ostriche,"4,5",(221),€€€,Via Sant’Alessandro 58,barzio,9.46834431,45.94646921,google
La Locanda di Miro',·  · Ristorante,"4,1",(926),€€,"Piazza G.Garibaldi, 11",barzio,9.46834431,45.94646921,google
Shabu Barzio,·  · Sushi,"4,6",(157),€€,"Via Martiri Patrioti Barziesi, 4",barzio,9.46834431,45.94646921,google
Bar Ristorante Chalet - Barzio (lc),·  · Ristorante,"3,3",(52),€€,"Piazza G.Garibaldi, 1",barzio,9.46834431,45.94646921,google
Albergo Ristorante Esposito,· Ristorante,"4,3",(505),price not available,"Via Francesca Manzoni, 33",barzio,9.46834431,45.94646921,google
Ristorante Pizzeria Chalet,·  · Pizza,"3,7",(194),€€,"Piazza G.Garibaldi, 1",barzio,9.46834431,45.94646921,google
Pizzeria Sharm El Sheikh,·  · Pizza,"4,3",(104),€,"Via Francesca Manzoni, 24",barzio,9.46834431,45.94646921,google
Ristorante del Cacciatore Bobbio,· Ristorante,not available,not available,price not available,Barzio LC,barzio,9.46834431,45.94646921,google
Bar Zio,· Bar,"4,8",(17),price not available,"Via T. Baruffaldi, 1",barzio,9.46834431,45.94646921,google
Antica Osteria,· Cucina tradizionale,"4,2",(87),price not available,"Via ai Monti, 1",barzio,9.46834431,45.94646921,google
Agriturismo Fattoria Pratobuscante - Barzio (lc),· Ristorante,"4,3",(471),price not available,Via Fornaci merlo,barzio,9.46834431,45.94646921,google
La Fattoria della Puppola,·  · Cucina toscana,"4,0",(243),€€,Località Conca Rossa,barzio,9.46834431,45.94646921,google
Hotel Ballestrin,· Ristorante,"3,8",(49),price not available,"Via Coldogna, 1",barzio,9.46834431,45.94646921,google
Ristorante Del Cacciatore Bobbio,·  · Ristorante,"4,0",(184),€,Barzio LC,barzio,9.46834431,45.94646921,google
Roadhouse Pub,·  · Pub,"4,6",(215),€€,"Via Roma, 45",barzio,9.46834431,45.94646921,google
La Stube Del Fondista,· Ristorante,"4,1",(15),price not available,Barzio LC,barzio,9.46834431,45.94646921,google
Albergo Cristallo,· Hotel,"4,4",(78),price not available,"Via Roma, 55",barzio,9.46834431,45.94646921,google
Piccolo Bar,· Bar,"3,7",(53),price not available,"Via Roma, 2",barzio,9.46834431,45.94646921,google
Hotel Vittoria,· Hotel,"4,0",(81),price not available,"Via Roma, 31",barzio,9.46834431,45.94646921,google
Bar Sport - Barzio (LC),· Tabaccheria,"4,4",(130),price not available,"Piazza G.Garibaldi, 8",barzio,9.46834431,45.94646921,google
Agriturismo La Possa,· Agriturismo,"4,2",(187),price not available,"Via Privata Combi, 2",barzio,9.46834431,45.94646921,google
Argentèe,·  · Ristorante,"4,0",(438),€€,"Via Monza, 27",barzio,9.46834431,45.94646921,google
Caffetteria Gelateria Bar Principe,·  · Bar,"4,0",(52),€,"Piazza G.Garibaldi, 10",barzio,9.46834431,45.94646921,google
Rifugio Sora di Fulvio Casari Snc,· Ristorante,"4,4",(113),price not available,Localita' Piani Di Bobbio,barzio,9.46834431,45.94646921,google
La Puppola Ristorante Toscano,·  · Cucina toscana,"4,6",(662),€€,Moggio LC,barzio,9.46834431,45.94646921,google
Maso Zambo - Mountain Lodge and Restaurant,· Ristorante,"4,8",(59),price not available,Cassina Valsassina LC,barzio,9.46834431,45.94646921,google
Pasticceria Passoni - Barzio (lc),·  · Pasticceria,"4,2",(1627),€€,"Via Roma, 36",barzio,9.46834431,45.94646921,google
Valsassina FIRST TRUCK FESTIVAL,· Ristorante,"4,0",(1),price not available,Barzio LC,barzio,9.46834431,45.94646921,google
Cascina Coldognetta,· Agriturismo,"4,6",(314),price not available,"Via Milano, 49",barzio,9.46834431,45.94646921,google
Ristorante Da Cesarino - Cassina Valsassina (lc),·  · Ristorante,"3,9",(333),€,Cassina Valsassina LC,barzio,9.46834431,45.94646921,google
Hamburgeria Jalapeno - Cassina Valsassina (LC),·  · Panini,"4,3",(459),€€,Cassina Valsassina LC,barzio,9.46834431,45.94646921,google
Forno Artigianale Novecento,·  · Fornaio,"4,4",(23),€€,"Via Francesca Manzoni, 11",barzio,9.46834431,45.94646921,google
Martino Bar,·  · Bar caffè,"4,0",(235),€€,Località Piani di Bobbio,barzio,9.46834431,45.94646921,google
Trattoria Corte Fiorina,·  · Ristorante,"4,3",(661),€€,"Via Giuseppe Bovara, 17",lecco,9.39339225,45.8557578,google
La Corte di Lucia,·  · Ristorante,"4,5",(303),€€€,"Via Caldone, 17",lecco,9.39339225,45.8557578,google
Osteria Montalbano,·  · Italiana,"4,3",(739),€,"Via Montalbano, 30",lecco,9.39339225,45.8557578,google
Torchio Moderna Osteria,·  · Ristorante,"4,6",(459),€€,"Vicolo Granai, 12",lecco,9.39339225,45.8557578,google
Giardino,·  · Italiana,"4,5",(340),€,"Corso Emanuele Filiberto, 13",lecco,9.39339225,45.8557578,google
La Stufata Trattoria Italiana,·  · Italiana,"4,5",(262),€€,"Via Carlo Cattaneo, 80",lecco,9.39339225,45.8557578,google
Granozero,·  · Ristorante,"4,4",(607),€€,"Corso Promessi Sposi, 14",lecco,9.39339225,45.8557578,google
Autentico Restaurant,· Italiana,"4,5",(342),price not available,"Via Giacomo Anghileri, 5",lecco,9.39339225,45.8557578,google
Ristorante Pontile Orestino,·  · Ristorante,"4,3",(901),€€,"Lungolario Cesare Battisti, 5",lecco,9.39339225,45.8557578,google
Barcaiolo Lecco,·  · Ristorante,"4,0",(1571),€€,"Piazza Era, 2",lecco,9.39339225,45.8557578,google
Mamaioa Bistrot,·  · Pesce,"4,5",(698),€€,"Vicolo del torchio, Piazza Mario Cermenati, 1",lecco,9.39339225,45.8557578,google
Curcuma,·  · Indiana,"4,5",(1068),€€,"Via Carlo Torri Tarelli, 5",lecco,9.39339225,45.8557578,google
Ristorante Pizzeria Ante Omnia,·  · Pizza,"4,5",(471),€€,"Via Arlenico, 26",lecco,9.39339225,45.8557578,google
Cardamomo Persian Palace Lecco,· Ristorante,"4,4",(164),price not available,"Piazza XX Settembre, 45",lecco,9.39339225,45.8557578,google
Filet osteria,· Ristorante,"4,5",(75),price not available,"Corso Giacomo Matteotti, 71",lecco,9.39339225,45.8557578,google
Ristorante Tabula Rosa Lecco,·  · Ristorante,"4,1",(815),€€,"Lungolario Luigi Cadorna, 20",lecco,9.39339225,45.8557578,google
Ristorante il Don Rodrigo,·  · Cucina tradizionale,"4,2",(252),€€,"Corso Emanuele Filiberto, 112",lecco,9.39339225,45.8557578,google
Nicolin Ristorante e Albergo,·  · Italiana,"4,6",(589),€€,"Via Amilcare Ponchielli, 54",lecco,9.39339225,45.8557578,google
Gyrosteria Da Yorgo,·  · Greca,"4,5",(779),€,"Via Tonio da Belledo, 123",lecco,9.39339225,45.8557578,google
"Trattoria ""La Rocca """,·  · Ristorante,"4,5",(411),€,"Localita' Rocca Dell'innominato, 2",lecco,9.39339225,45.8557578,google
Mare Mio Lecco,· Italiana,"4,2",(205),price not available,"Piazza XX Settembre, 36",lecco,9.39339225,45.8557578,google
Antica Osteria Casa Di Lucia,· Ristorante,"4,4",(382),price not available,"Via Lucia, 27",lecco,9.39339225,45.8557578,google
Hambù - Hamburgeria e Pinseria a Lecco,·  · Hamburger,"4,4",(1621),€€,"Lungolario Cesare Battisti, 17",lecco,9.39339225,45.8557578,google
Il Fiume,· Ristorante,"4,3",(100),price not available,"Via dei Partigiani, 101",lecco,9.39339225,45.8557578,google
Trattoria Vecchia Pescarenico,· Ristorante,"4,4",(242),price not available,"Corso Carlo Alberto, 5",lecco,9.39339225,45.8557578,google
Shabu Lecco,·  · Giapponese,"4,3",(1441),€€,"Via Gorizia, 5",lecco,9.39339225,45.8557578,google
Üsteria | Usteria Lecco,· Ristorante,"4,6",(132),price not available,"Via Carlo Cattaneo, 77",lecco,9.39339225,45.8557578,google
Hemingway,·  · Ristorante,"3,1",(760),€€€,"Piazza XX Settembre, 43",lecco,9.39339225,45.8557578,google
Trattoria Canto Giovannella,·  · Cucina tradizionale,"4,2",(730),€€,"Via ai Poggi, 45",lecco,9.39339225,45.8557578,google
Ristorante Mexicali - Lecco,·  · Messicana,"4,1",(1018),€€,"Lungolario Piave, 14",lecco,9.39339225,45.8557578,google
Antica Trattoria Americo,·  · Ristorante,"3,8",(185),€€,"Via Tonio da Belledo, 105",lecco,9.39339225,45.8557578,google
La Barrique,· Ristorante,"4,2",(5),price not available,"Via Privata, Via Priv. P. Maroncelli",lecco,9.39339225,45.8557578,google
Imbarcadero Lecco,·  · Assaggi,"3,7",(1626),€€,"Lungolario Cesare Battisti, 3",lecco,9.39339225,45.8557578,google
Ristorante Pizzeria Acquario,·  · Italiana,"4,2",(1483),€€,"Lungolario Luigi Cadorna, 1",lecco,9.39339225,45.8557578,google
Didaktico Restaurant,· Ristorante,"4,6",(34),price not available,"Via Fausto Valsecchi, 5",lecco,9.39339225,45.8557578,google
Osteria Olga,·  · Ristorante,"4,3",(250),€€,"Via Poncione, 7",lecco,9.39339225,45.8557578,google
Taverna Solferino,·  · Ristorante,"4,4",(126),€,"Via Solferino, 6",lecco,9.39339225,45.8557578,google
Ristorante Pizzeria Isola D'Oro,·  · Ristorante,"4,3",(975),€,"Corso Bergamo, 83",lecco,9.39339225,45.8557578,google
L'EK Bistrot,·  · Ristorante,"4,1",(299),€€,"Piazza XX Settembre, 50",lecco,9.39339225,45.8557578,google
Punjab,·  · Indiana,"4,5",(863),€€,"Lungolario Luigi Cadorna, 18",lecco,9.39339225,45.8557578,google
Numerosei Trattoria Pizzeria,·  · Italiana,"4,5",(929),€€,"Viale della costituzione, 31 A",lecco,9.39339225,45.8557578,google
Taverna ai Poggi,·  · Italiana,"4,1",(947),€€,"Via ai Poggi, 14/20",lecco,9.39339225,45.8557578,google
L'Osteria del Commercio,· Ristorante,"3,6",(230),price not available,"Lungolario Isonzo, 15",lecco,9.39339225,45.8557578,google
Antica Locanda del Ponte,·  · Ristorante,"4,0",(55),€€,"Via Bruso, 11",lecco,9.39339225,45.8557578,google
Bharat,·  · Indiana,"4,5",(307),€€,"V.le Valsugana, 9",lecco,9.39339225,45.8557578,google
Il Caminetto,·  · Italiana,"3,7",(147),€€,"Via ai Poggi, 150",lecco,9.39339225,45.8557578,google
Soqquadro,·  · Ristorante,"4,1",(2131),€€,"Piazza Era, 7",lecco,9.39339225,45.8557578,google
Aromi Lecco,·  · Ristorante,"4,2",(1051),€€,"Piazza Mazzini, 6/C",lecco,9.39339225,45.8557578,google
Trattoria tipica Pugliese A'Tiell,· Italiana,"3,9",(229),price not available,"Piazza XX Settembre, 35",lecco,9.39339225,45.8557578,google
Garage,·  · Ristorante,"4,5",(889),€€,"Corso Bergamo, 53",lecco,9.39339225,45.8557578,google
OSTERIA del SAN MARTINO,·  · Ristorante,"4,8",(131),€€,"Parcheggiò serale con chiavi della stanga del pargheggio laterale …, Corso Promessi Sposi, 19",lecco,9.39339225,45.8557578,google
BraciAmo,· Specialità carne alla griglia,"4,4",(75),price not available,"Piazza XX Settembre, 39",lecco,9.39339225,45.8557578,google
Instant,·  · Italiana,"4,0",(451),€€,"Via, Largo Europa, 2/4",lecco,9.39339225,45.8557578,google
Il Delfino,· Ristorante,"5,0",(1),price not available,"Via Roma, 41",lecco,9.39339225,45.8557578,google
FIORE cucina in libertà,·  · Pizza,"4,3",(707),€€,"Via Belfiore, 1",lecco,9.39339225,45.8557578,google
Bar Ristorante Canottieri - gestione Passerini dal 1919,· Ristorante,"4,3",(62),price not available,"Via Francesco Nullo, 2",lecco,9.39339225,45.8557578,google
Pret a Manger,· Cucina dell'Italia settentrionale,"4,2",(35),price not available,"Via Belfiore, 63",lecco,9.39339225,45.8557578,google
Pizzeria la Veranda,·  · Pizza,"4,5",(295),€,"Corso Emanuele Filiberto, 64",lecco,9.39339225,45.8557578,google
Asia,·  · Cinese,"4,3",(349),€,"Via della Pergola, 41",lecco,9.39339225,45.8557578,google
Rida,·  · Pizza,"4,5",(685),€,"Via Don Luigi Orione, 4",lecco,9.39339225,45.8557578,google
Ristorante Albergo Invernizzi - Moggio (LC),· Alloggi al coperto,"4,0",(101),price not available,not available,moggio,9.49003943,45.93125375,google
Ristorante Belvedere,· Ristorante,"4,2",(23),price not available,not available,moggio,9.49003943,45.93125375,google
Hamburgeria Jalapeno - Cassina Valsassina (LC),·  · Panini,"4,3",(459),price not available,€€,moggio,9.49003943,45.93125375,google
Ristorante Passo Culmine S.Pietro - Passo Culmine San Pietro (lc),·  · Italiana,"4,2",(542),price not available,€€,moggio,9.49003943,45.93125375,google
Ristorante Da Cesarino - Cassina Valsassina (lc),·  · Ristorante,"3,9",(333),price not available,€,moggio,9.49003943,45.93125375,google
La Locanda di Miro',·  · Ristorante,"4,1",(926),price not available,€€,moggio,9.49003943,45.93125375,google
Bar Queen's Rose - Moggio (LC),·  · Bar,"4,2",(85),price not available,€,moggio,9.49003943,45.93125375,google
RIFUGIO BAITA DELLA LUNA,· Rifugio di montagna,"3,5",(103),price not available,not available,moggio,9.49003943,45.93125375,google
Taverna Pane & Vino - Moggio (lc),·  · Ristorante,"4,5",(100),price not available,€€,moggio,9.49003943,45.93125375,google
La Fattoria della Puppola,·  · Cucina toscana,"4,0",(243),price not available,€€,moggio,9.49003943,45.93125375,google
Busker's Pub,·  · Ristorante,"4,6",(271),€,"Piazzale degli Alpini, 3",schilpario,10.15451561,46.00956474,google
Albergo Edelweiss,· Ristorante,"4,2",(200),price not available,not available,schilpario,10.15451561,46.00956474,google
Alpen Chalet,· Ristorante,"4,5",(483),price not available,not available,schilpario,10.15451561,46.00956474,google
Albergo Pizzo Camino,· Hotel,"4,2",(190),price not available,not available,schilpario,10.15451561,46.00956474,google
Ristorante Capriolo,·  · Italiana,"4,5",(957),price not available,€€,schilpario,10.15451561,46.00956474,google
Bar Americano,· Bar,"4,3",(112),price not available,⋅ Apre mar alle ore 07:30,schilpario,10.15451561,46.00956474,google
Chalet Paradais,·  · Bar,"4,5",(269),price not available,€€,schilpario,10.15451561,46.00956474,google
Bar Funtani',·  · Bar,"4,3",(286),price not available,€,schilpario,10.15451561,46.00956474,google
La Baracca,·  · Griglia,"3,8",(76),price not available,€,schilpario,10.15451561,46.00956474,google
"Hotel Ristorante ""San Marco""",· Ristorante,"4,3",(174),price not available,not available,schilpario,10.15451561,46.00956474,google
Ristorante La Cantina,·  · Ristorante,"4,3",(394),€€,"Via del Crotto, 5",campodolcino,9.35431096,46.40213345,google
Ristorante @ San Luigi,· Ristorante,"4,6",(41),price not available,not available,campodolcino,9.35431096,46.40213345,google
Trattoria Due Spade,·  · Diner,"4,4",(554),price not available,€,campodolcino,9.35431096,46.40213345,google
La cantina,· Ristorante,not available,not available,price not available,Nessuna recensione,campodolcino,9.35431096,46.40213345,google
Ca De Val,· Ristorante,"4,5",(237),price not available,not available,campodolcino,9.35431096,46.40213345,google
Campodolcino Camping Pizzeria,· Ristorante,"5,0",(3),price not available,not available,campodolcino,9.35431096,46.40213345,google
Stella Alpina di Levi e Butti . S. N. C.,· Ristorante,"4,8",(180),price not available,not available,campodolcino,9.35431096,46.40213345,google
Bar Centro Sportivo,·  · Bar caffè,"4,3",(225),price not available,€,campodolcino,9.35431096,46.40213345,google
Hotel Europa,· Hotel,"4,5",(153),price not available,not available,campodolcino,9.35431096,46.40213345,google
Ristorante La Genzianella,·  · Ristorante,"4,7",(843),price not available,€,campodolcino,9.35431096,46.40213345,google
Pizzeria Bunker,· Pizza,"4,0",(57),price not available,not available,campodolcino,9.35431096,46.40213345,google
Piccolo Bar di Longo Gianpaolo,·  · Bar,"4,8",(73),price not available,€,campodolcino,9.35431096,46.40213345,google
Ristorante Pizzeria Alps Oriental,· Ristorante,"4,3",(36),price not available,⋅ 19,campodolcino,9.35431096,46.40213345,google
Agriturismo Pizzo Quadro,· Ristorante,"4,3",(15),price not available,not available,campodolcino,9.35431096,46.40213345,google
Albergo Baita Del Sole,· Ristorante,"3,9",(165),price not available,not available,campodolcino,9.35431096,46.40213345,google
La Montanina,· Italiana,"3,3",(4),price not available,not available,campodolcino,9.35431096,46.40213345,google
Alps Oriental Wellness HOTEL,· Ristorante,"4,7",(420),price not available,not available,campodolcino,9.35431096,46.40213345,google
Hotel Ristorante Bucaneve,· Hotel,"4,3",(573),price not available,not available,campodolcino,9.35431096,46.40213345,google
Campodolcino Camping,· Ristorante,"4,3",(419),price not available,not available,campodolcino,9.35431096,46.40213345,google
Bar Antico Borgo,·  · Bar,"4,4",(201),price not available,€,campodolcino,9.35431096,46.40213345,google
Il Cantinone,·  · Cucina raffinata,"4,8",(52),price not available,€€€€,campodolcino,9.35431096,46.40213345,google
Ristorante Suretta,·  · Ristorante,"4,3",(247),price not available,€€,campodolcino,9.35431096,46.40213345,google
Caffè C'era una Volta,·  · Bar,"4,5",(148),price not available,€,campodolcino,9.35431096,46.40213345,google
Bar De L' Alp,·  · Pizza,"4,2",(231),price not available,€€,campodolcino,9.35431096,46.40213345,google
Osteria Vegia,·  · Ristorante,"4,6",(457),price not available,€€,campodolcino,9.35431096,46.40213345,google
Hotel Mirage,· Ristorante,"4,5",(173),price not available,not available,lanzada,9.87391438,46.2693901,google
Fior di Roccia Valmalenco - il Ristorante,· Ristorante,not available,not available,price not available,"Località Franscia, 2",lanzada,9.87391438,46.2693901,google
Pesca alla Trota,· Griglia,"4,6",(113),price not available,Lanzada SO,lanzada,9.87391438,46.2693901,google
Bar Parolini,·  · Bar,"4,2",(43),€,"Via Palù, 570",lanzada,9.87391438,46.2693901,google
Ristorante Il Vassallo,·  · Italiana,"4,5",(1054),€€,Chiesa in Valmalenco SO,lanzada,9.87391438,46.2693901,google
Hotel Biancospino di Marca Daniela C. S. N. C.,· Hotel,"4,2",(99),price not available,"Via Spini, 314",lanzada,9.87391438,46.2693901,google
Albergo Marco E Rosa,· Hotel,"4,5",(2),price not available,"Via Palù, 310",lanzada,9.87391438,46.2693901,google
Fior Di Roccia - Valmalenco - l'Hotel,· Hotel,"4,7",(85),price not available,"località Franscia, 2",lanzada,9.87391438,46.2693901,google
Pizzeria Dunvegan,·  · Pizza,"4,6",(204),€,Chiesa In Valmalenco SO,lanzada,9.87391438,46.2693901,google
Il Cornetto,· Agriturismo,"4,6",(139),price not available,Località Alpe Campagneda,lanzada,9.87391438,46.2693901,google
Osteria 99,·  · Ristorante,"4,7",(860),€€,Chiesa in Valmalenco SO,lanzada,9.87391438,46.2693901,google
"Vecchia Osteria, Ristorante e Pizzeria",·  · Pizza,"4,5",(300),€€,Caspoggio SO,lanzada,9.87391438,46.2693901,google
Scoiattolo,·  · Italiana,"4,3",(719),€€,Caspoggio SO,lanzada,9.87391438,46.2693901,google
Ristorante La Volta,· Ristorante,"4,6",(76),price not available,Chiesa in Valmalenco SO,lanzada,9.87391438,46.2693901,google
Agriturismo Al',· Ristorante,"4,7",(46),price not available,Chiesa in Valmalenco SO,lanzada,9.87391438,46.2693901,google
La Bisca Pizzeria & Bar,· Pizza,"4,6",(226),price not available,Chiesa in Valmalenco SO,lanzada,9.87391438,46.2693901,google
Baita Al Doss,·  · Italiana,"4,3",(271),€€,Caspoggio SO,lanzada,9.87391438,46.2693901,google
"Agriturismo ""Malga Ründai""",·  · Ristorante,"4,5",(570),€€,Chiesa in Valmalenco SO,lanzada,9.87391438,46.2693901,google
Rifugio Carate,·  · Ristorante,"4,5",(79),€€,Lanzada SO,lanzada,9.87391438,46.2693901,google
Al Frodolfo,·  · Ristorante,"4,4",(800),€€,"Via S. Nicolò, 62",valfurva,10.41086041,46.46307994,google
Rifugio Sci 2000,·  · Ristorante,"4,6",(597),€€,Località Plaghera,valfurva,10.41086041,46.46307994,google
Trattoria Bar Compagnoni,·  · Cucina tradizionale,"4,7",(277),€,"Vicolo Zebru, 4",valfurva,10.41086041,46.46307994,google
Rifugio Stella Alpinas.r.l,· Ristorante,"4,7",(371),price not available,"Località Campel, Via Forni, snc",valfurva,10.41086041,46.46307994,google
Bait da Mighel,·  · Griglia,"4,6",(93),€€,Sentiero Frodolfo,valfurva,10.41086041,46.46307994,google
Pizzeria La Ruota,· Pizza,"4,3",(172),price not available,"Via Plagheira, 28",valfurva,10.41086041,46.46307994,google
Ristoro La Baita - Val Zebrù,· Ristorante,"4,2",(75),price not available,Val zebru' località Campo,valfurva,10.41086041,46.46307994,google
Hotel Ristorante I Rododendri,· Ristorante,"4,3",(274),price not available,"Via Sant'Antonio, 2",valfurva,10.41086041,46.46307994,google
Agriturismo La Casetta della Zia Edda,· Ristorante,"4,5",(384),price not available,"Via Forni, 29",valfurva,10.41086041,46.46307994,google
Rifugio Forni,· Ristorante,"4,5",(821),price not available,Località Forni,valfurva,10.41086041,46.46307994,google
Park Hotel,· Ristorante,"4,4",(133),price not available,"Valfurva, Piazza Magliavaca, 8",valfurva,10.41086041,46.46307994,google
Hotel Sport,· Ristorante,"4,1",(221),price not available,"Via Magliaga, 2",valfurva,10.41086041,46.46307994,google
Hotel Milano,· Ristorante,"2,9",(263),price not available,"Via Frodolfo, 32",valfurva,10.41086041,46.46307994,google
Hotel Vedig,· Ristorante,"4,9",(346),price not available,"Via Vedich, 14",valfurva,10.41086041,46.46307994,google
Rifugio Pizzini - CAI Milano,· Ristorante,"4,5",(337),price not available,Località Val Cedec,valfurva,10.41086041,46.46307994,google
Sunny Valley,·  · Ristorante,"4,5",(1002),€€,Località Vallalpe 23030,valfurva,10.41086041,46.46307994,google
Ginger Bistrot | Ristorante Vineria Bar Santa Caterina Valfurva | Servizio da Asporto (Take Away),· Ristorante,"4,8",(119),price not available,"Via Santa Caterina, 15",valfurva,10.41086041,46.46307994,google
Hotel Residence 3 Signori - Ski & Bike Spa Resort,· Hotel,"4,6",(807),price not available,"Via Vedich, 17",valfurva,10.41086041,46.46307994,google
Ristorante Pizzeria - La Tana,·  · Ristorante,"4,2",(331),€€,"Via Magliaga, 26",valfurva,10.41086041,46.46307994,google
Centro La Fonte - Bar & Ristorante,·  · Ristorante,"4,4",(234),€€,"Via Magliaga, 3",valfurva,10.41086041,46.46307994,google
Pub Black Bird,·  · Pub,"4,8",(69),€,"Via Gleira, 1",valfurva,10.41086041,46.46307994,google
Rifugio Palù,· Rifugio di montagna,"4,2",(290),price not available,Plaghera,valfurva,10.41086041,46.46307994,google
La Casera,· Ristorante,"3,5",(6),price not available,Bormio SO,valfurva,10.41086041,46.46307994,google
Caffè La Fiamma,·  · Bar caffè,"4,4",(169),€€,"Via Forni, 8/A",valfurva,10.41086041,46.46307994,google
Hotel Baita Fiorita,· Hotel,"4,6",(140),price not available,"Via Frodolfo, 3",valfurva,10.41086041,46.46307994,google
Bar - Baita del Gelato,·  · Gelato,"4,3",(190),€€,"Via S. Nicolò, 117",valfurva,10.41086041,46.46307994,google
Rifugio Arnaldo Berni - CAI Brescia,· Ristorante,"4,6",(356),price not available,Località Passo Del Gavia,valfurva,10.41086041,46.46307994,google
Albergo Rifugio Paradiso,· Ristorante,"4,5",(455),price not available,Santa Caterina SO,valfurva,10.41086041,46.46307994,google
Albergo Pedranzini,· Hotel,"4,7",(165),price not available,"Piazza Magliavaca, 5",valfurva,10.41086041,46.46307994,google
Rifugio Campo - Val Zebrù,· Ristorante,"4,5",(131),price not available,"Val Zebru', località Campo",valfurva,10.41086041,46.46307994,google
Rifugio Bonetta,· Ristorante,"3,9",(237),price not available,"Passo del Gavia, SS300",valfurva,10.41086041,46.46307994,google
Ristorante Vecchia Combo,·  · Ristorante,"4,6",(1326),€€,Bormio SO,valfurva,10.41086041,46.46307994,google
Keller Steak House,·  · Steakhouse,"4,3",(666),€€,Bormio SO,valfurva,10.41086041,46.46307994,google
Ristorante @ Hotel Rezia,· Ristorante,"3,9",(14),price not available,Bormio SO,valfurva,10.41086041,46.46307994,google
Ristorante Albergo Colombo,· Ristorante,"4,5",(193),price not available,"Via Don Bosco, 3",caspoggio,9.86176989,46.26472617,google
Zenith Chalet,· Ristorante,"4,7",(18),price not available,Caspoggio SO,caspoggio,9.86176989,46.26472617,google
Bar Al Mulino di Presazzi Umberto,·  · Bar,"3,8",(22),€,"Via Ezio Vanoni, 1",caspoggio,9.86176989,46.26472617,google
Sendy bar,· Bar,"4,6",(99),price not available,Località Sant'Antonio,caspoggio,9.86176989,46.26472617,google
Willy Pub,·  · Bar,"4,4",(123),€,"Via Ezio Vanoni, 53",caspoggio,9.86176989,46.26472617,google
Ristorante Albergo Braciasco,·  · Ristorante,"4,6",(298),€€,San Giuseppe SO,caspoggio,9.86176989,46.26472617,google
Zenith Cafè,· Caffè,"4,6",(5),price not available,"Via Ezio Vanoni, 38",caspoggio,9.86176989,46.26472617,google
Santa Lucia,·  · Pizza,"4,0",(262),€,Chiesa in Valmalenco SO,caspoggio,9.86176989,46.26472617,google
Bar Stella Alpina,· Bar,"3,8",(33),price not available,"Via Don Gatti, 2",caspoggio,9.86176989,46.26472617,google
Hotel Fior di Monte,· Hotel,"4,4",(139),price not available,"Via Pizzo Scalino, 2",caspoggio,9.86176989,46.26472617,google
Ristorante Malenco,·  · Italiana,"4,5",(310),€€,Chiesa in Valmalenco SO,caspoggio,9.86176989,46.26472617,google
K2 Hotel & Restaurant,· Ristorante,"4,4",(1031),price not available,not available,foppolo,9.75497897,46.04394127,google
Ristorante Sant'Ambroeus,· Ristorante,"4,3",(181),price not available,not available,foppolo,9.75497897,46.04394127,google
Rifugio Montebello - Terrazza Salomon,·  · Ristorante,"4,4",(678),price not available,€€,foppolo,9.75497897,46.04394127,google
Mc Victor's,· Ristorante,"5,0",(2),price not available,not available,foppolo,9.75497897,46.04394127,google
Hotel Ristorante Rododendro,· Hotel,"4,3",(105),price not available,not available,foppolo,9.75497897,46.04394127,google
Hotel Des Alpes,· Hotel,"4,5",(164),price not available,not available,foppolo,9.75497897,46.04394127,google
Kibo Snack Bar,· Bar,"3,9",(40),price not available,not available,foppolo,9.75497897,46.04394127,google
Rifugio Mirtillo,· Ristorante,"4,3",(143),price not available,not available,foppolo,9.75497897,46.04394127,google
Rifugio Dordona,·  · Ristorante,"4,4",(231),price not available,€,foppolo,9.75497897,46.04394127,google
Hotel Adler,· Hotel,"4,4",(151),price not available,not available,foppolo,9.75497897,46.04394127,google
Al Baitel,· Bar,"4,5",(2),price not available,not available,foppolo,9.75497897,46.04394127,google
Bar Ristoro Lo Scoiattolo,· Ristorante,"4,3",(114),price not available,not available,foppolo,9.75497897,46.04394127,google
Locanda Dei Cantu,· Ristorante,"4,5",(576),price not available,⋅ Apre mar alle ore 09:30,foppolo,9.75497897,46.04394127,google
BAITA DEL CAMOSCIO,·  · Cucina tradizionale,"4,4",(695),price not available,€€,foppolo,9.75497897,46.04394127,google
Mc Victor's,· Pizza,"2,3",(3),price not available,not available,foppolo,9.75497897,46.04394127,google
Osteria del ventitré,· Ristorante,"4,8",(10),price not available,⋅ Apre mer alle ore 07:30,valleve,9.74322887,46.02819671,google
Albergo Ristorante Gran Baita,· Hotel,"4,0",(7),price not available,not available,valleve,9.74322887,46.02819671,google
Rifugio Dello Scoiattolo,· Ristorante,"4,6",(120),price not available,not available,valleve,9.74322887,46.02819671,google
Rifugio del Camoscio,· Ristorante,"4,7",(7),price not available,not available,valleve,9.74322887,46.02819671,google
Bar La Strada Sas,·  · Bar,"4,6",(14),price not available,€,valleve,9.74322887,46.02819671,google
Ristorante Sorriso cucina gourmet,·  · Ristorante,"4,5",(179),€€€,"Via Talpino, 79",selvino,9.75012725,45.78074838,google
Il Giardino,·  · Ristorante,"4,2",(558),€€,"Corso Monte Rosa, 14",selvino,9.75012725,45.78074838,google
Ristorante K2,·  · Italiana,"4,1",(353),€€,"Via Aviatico, 28",selvino,9.75012725,45.78074838,google
Al Cantuccio,·  · Italiana,"4,0",(281),€€,"Via Vulcano, 18",selvino,9.75012725,45.78074838,google
La Ruota,·  · Pizza,"4,4",(720),€€,"Via Madre Teresa di Calcutta, 14",selvino,9.75012725,45.78074838,google
A Casa del Contadino,·  · Caffetteria,"4,3",(515),€€,"Corso Milano, 91",selvino,9.75012725,45.78074838,google
Rifugio 1111,·  · Ristorante,"4,4",(271),€€,"Corso Monte Rosa, 8",selvino,9.75012725,45.78074838,google
L'isola che non c'è,·  · Pizza,"4,3",(305),€€,"Via Monte Bianco, 7",selvino,9.75012725,45.78074838,google
26 grani,· Pizza,"4,4",(138),price not available,"Via Monte Bianco, 26",selvino,9.75012725,45.78074838,google
Bar Pizzeria Tennis Di Ghilardi Fabrizio,·  · Pizza,"4,1",(448),€,"Via Passero, 16",selvino,9.75012725,45.78074838,google
Pizzeria Caffetteria Moderno,· Ristorante,"3,5",(18),price not available,"Corso Monte Rosa, 48",selvino,9.75012725,45.78074838,google
Bisco's food,· Fast food,"4,6",(159),price not available,"C.so Monterosa, 28",selvino,9.75012725,45.78074838,google
Pizzeria Mc Keown Pub Di Grigis Massimiliano,·  · Pub,"4,2",(242),€,"Corso Milano, 4",selvino,9.75012725,45.78074838,google
Bar pizzeria Il Cappellaio Matto,· Pizza,"4,6",(88),price not available,"Corso Monte Rosa, 17",selvino,9.75012725,45.78074838,google
Hotel Ristorante Marcellino,· Hotel,"4,2",(294),price not available,"Corso Milano, 90",selvino,9.75012725,45.78074838,google
Il Baretto di Selvino,·  · Bar,"4,6",(313),€€,"Via Monte Alben, 15",selvino,9.75012725,45.78074838,google
La Conca Del Monte Purito,· Bar,"4,5",(8),price not available,Corso Monte Rosa,selvino,9.75012725,45.78074838,google
Ristorante Elvezia,· Ristorante,"5,0",(1),price not available,"Via Usignolo, 2",selvino,9.75012725,45.78074838,google
Tiraboschi Alessandro,· Bar,"3,5",(2),price not available,"Corso Monte Rosa, 48",selvino,9.75012725,45.78074838,google
T'Ami Hotel Resort Spa,· Albergo benessere,"4,2",(203),price not available,"Via Monte Purito, 3",selvino,9.75012725,45.78074838,google
La Piöda,·  · Ristorante,"4,5",(1442),€€€,"Via Saroch, 604",livigno,10.13481042,46.53867334,google
Al Mond Vei,·  · Ristorante,"4,6",(637),€€,"Via Bondi, 412",livigno,10.13481042,46.53867334,google
Dal Passero,· Ristorante,"4,8",(139),price not available,"Via Rasia, 300",livigno,10.13481042,46.53867334,google
Ristorante La Scala,·  · Ristorante,"4,2",(345),€€,"Via Fontana, 177",livigno,10.13481042,46.53867334,google
Ristorante Pizzeria La Mirage,·  · Pizza,"4,5",(1413),€€,"Via Plan, 201",livigno,10.13481042,46.53867334,google
Bait dal Ghet,·  · Pizza,"4,6",(3680),€,"Via Plan, 369",livigno,10.13481042,46.53867334,google
Fresco - Bistrot e Pizza,·  · Ristorante,"4,7",(191),€€,"Via Saroch, 35",livigno,10.13481042,46.53867334,google
Ristorante Centro’s,·  · Ristorante,"4,4",(83),€€,"Via Sant'Antoni, 126",livigno,10.13481042,46.53867334,google
Ristorante Posta,· Ristorante,"4,3",(31),price not available,"Via Plaza dal Comun, 67",livigno,10.13481042,46.53867334,google
Ristorante Cervo,· Ristorante,"4,6",(212),price not available,"Via Sant'Antoni, 74",livigno,10.13481042,46.53867334,google
Tagliede,·  · Italiana,"4,2",(703),€€,"Via Ostaria, 79",livigno,10.13481042,46.53867334,google
Ristorante Pizzeria La Grolla,·  · Ristorante,"3,9",(2807),€€,"Via Plan, 307",livigno,10.13481042,46.53867334,google
Ristorante Ca'Noa,·  · Pizza,"4,4",(955),€€,"Via Fontana, 221",livigno,10.13481042,46.53867334,google
Ristorante Astoria,· Ristorante,"4,5",(112),price not available,"Via Saroch, 1116",livigno,10.13481042,46.53867334,google
Al Peršéf,· Ristorante,"4,8",(80),price not available,"Via Saroch, 1272",livigno,10.13481042,46.53867334,google
Bivio Bistrot & Restaurant,·  · Italiana,"4,4",(2551),€€,"Via Plan, 422",livigno,10.13481042,46.53867334,google
Ristorante Alegra,· Ristorante,"4,0",(7),price not available,"Via Saroch, 1274c",livigno,10.13481042,46.53867334,google
Ristorante Garden,· Ristorante,"3,7",(190),price not available,Via Bondi,livigno,10.13481042,46.53867334,google
Mota Bistrot & Restaurant,· Bistrò,"4,0",(96),price not available,"Via Ostaria, 11",livigno,10.13481042,46.53867334,google
Bellavita,·  · Italiana,"4,7",(131),€€,"Via Ostaria, 135",livigno,10.13481042,46.53867334,google
La Rusticana,·  · Pizza,"4,5",(927),€€,"Via Olta, 37/e",livigno,10.13481042,46.53867334,google
Valtellina Livigno - Hotel - Ristorante - Steakhouse,· Ristorante,"4,6",(441),price not available,"Via Saroch, 350",livigno,10.13481042,46.53867334,google
Ristorante Bar Grill Centrale,· Ristorante,"4,2",(58),price not available,"Via Plan, 273",livigno,10.13481042,46.53867334,google
La Locanda,·  · Pizza,"4,4",(658),€€,"Via Canton, 5",livigno,10.13481042,46.53867334,google
Ristorante Pizzeria Amerikan,· Italiana,"4,6",(32),price not available,"Via Florin, 93",livigno,10.13481042,46.53867334,google
Ristorante Bar La Baita,· Ristorante,"1,0",(1),price not available,"Via Bondi, 98/102",livigno,10.13481042,46.53867334,google
Ristorante Bar La Bastiana,· Ristorante,"4,3",(33),price not available,"Via Florin, 614",livigno,10.13481042,46.53867334,google
Touring,·  · Pizza,"3,9",(301),€€,"Via Plan, 99",livigno,10.13481042,46.53867334,google
Kosmo Taste the Mountain,·  · Ristorante,"4,3",(590),€€,"Via Bondi, 473a",livigno,10.13481042,46.53867334,google
Mauri's Hamburgheria,·  · Hamburger,"4,6",(1053),€,"Via Ostaria, 406",livigno,10.13481042,46.53867334,google
Ristorante Pizzeria Bar Galli's,· Ristorante,"3,6",(246),price not available,"Via Fontana, 206",livigno,10.13481042,46.53867334,google
Steak House,·  · Ristorante,"4,5",(67),€€,Via Saroch,livigno,10.13481042,46.53867334,google
Roxy,·  · Pizza,"4,3",(684),€€,"Via Ostaria, 381",livigno,10.13481042,46.53867334,google
Il Gufo,·  · Pizza,"4,5",(580),€€,"Via dala Gesa, 580b",livigno,10.13481042,46.53867334,google
Ristorante Alba,· Ristorante,not available,not available,price not available,"Via Saroch, 948",livigno,10.13481042,46.53867334,google
Hotel Ristorante Pizzeria La Pastorella,· Hotel,"4,4",(1275),price not available,"Via Plan, 330",livigno,10.13481042,46.53867334,google
Real Pemont,·  · Pizza,"4,6",(390),€€,Via Pemont,livigno,10.13481042,46.53867334,google
Stua Noa Fine Dining,· Ristorante,"4,0",(3),price not available,"Via Pontiglia, 39",livigno,10.13481042,46.53867334,google
Mario's,·  · Italiana,"4,1",(314),€€,"Via Rin, 380N",livigno,10.13481042,46.53867334,google
Concordia Restaurant,· Ristorante,"4,4",(165),price not available,"Accesso da, Via Plan, 114, Via Pontiglia, 39",livigno,10.13481042,46.53867334,google
straPIZZAmi,· Pizza,"4,5",(269),price not available,"Via Saroch, 260",livigno,10.13481042,46.53867334,google
Trattoria e Hotel Carpe Diem,· Ristorante,"4,4",(421),price not available,"Via Plan, 347/F",livigno,10.13481042,46.53867334,google
La Montanella,· Fast food,"3,0",(25),price not available,"Via Saroch, 898",livigno,10.13481042,46.53867334,google
La Stua,· Italiana,"4,4",(80),price not available,"SS301, 821",livigno,10.13481042,46.53867334,google
La Nostra Spaghetteria,· Italiana,"4,2",(18),price not available,"Via Bondi, 98/102",livigno,10.13481042,46.53867334,google
Sushi Restaurant,· Ristorante,"4,7",(30),price not available,"Via Botarel, 40",livigno,10.13481042,46.53867334,google
BaRin,·  · Bar,"4,8",(81),€€,"Via Rin, 84",livigno,10.13481042,46.53867334,google
David's Après Ski,· Ristorante,"4,7",(122),price not available,"Via Domenion, 221/A",livigno,10.13481042,46.53867334,google
Mister Pizza,·  · Pizza,"4,5",(243),€,"Via dala Gesa, 510",livigno,10.13481042,46.53867334,google
Birrificio 1816,·  · Birrificio,"4,3",(3334),€€,"Via Pontiglia, 37",livigno,10.13481042,46.53867334,google
Musta pizza & kebab,· Pizza,"4,8",(42),price not available,Via Prestefan,livigno,10.13481042,46.53867334,google
Hotel Cristallo Livigno,· Ristorante,"4,6",(329),price not available,"Via Rin, 232",livigno,10.13481042,46.53867334,google
Hotel Larice,· Hotel,"4,7",(241),price not available,"Via Botarel, 40",livigno,10.13481042,46.53867334,google
Hotel Alpina,· Ristorante,"4,2",(1402),price not available,"Via Bondi, 15",livigno,10.13481042,46.53867334,google
Tea Al Planel,·  · Ristorante,"4,5",(180),€€,Via Parè,livigno,10.13481042,46.53867334,google
Berghutte,·  · Ristorante,"4,4",(205),€€,Livigno SO,livigno,10.13481042,46.53867334,google
Bar The King Livigno,·  · Bar,"4,6",(422),€,"Via Piceir, 67",livigno,10.13481042,46.53867334,google
La Tana del Gatto,· Ristorante,"4,5",(121),price not available,Via Chestèl,livigno,10.13481042,46.53867334,google
Hotel La Montanina,· Ristorante,"4,4",(376),price not available,"Via Pontiglia, 149",livigno,10.13481042,46.53867334,google
Sushi Bar Restaurant Al Larice,· Ristorante,not available,not available,price not available,"Via Ostaria, 172",livigno,10.13481042,46.53867334,google
Via Vai Livigno,· Appartamenti,"4,4",(695),price not available,"Via Ostaria, 47",livigno,10.13481042,46.53867334,google
Hotel Compagnoni,· Ristorante,"4,3",(1071),price not available,"Via Plaza dal Comun, 3",livigno,10.13481042,46.53867334,google
Hotel La Baita,· Ristorante,"4,2",(399),price not available,"Via Bondi, 98/102",livigno,10.13481042,46.53867334,google
Baita Berghütte,· Per famiglie,"4,6",(54),price not available,G4VH+WP,livigno,10.13481042,46.53867334,google
Albergo San Rocco,· Ristorante,"4,4",(275),price not available,"Via Saroch, Contrada Saroch, 782",livigno,10.13481042,46.53867334,google
Cronox,· Ristorante,"4,1",(1060),price not available,"Via Rin, 325",livigno,10.13481042,46.53867334,google
Hotel Cervo,· Ristorante,"4,5",(937),price not available,"Via Sant'Antoni, 66",livigno,10.13481042,46.53867334,google
Ristorante Pizzeria Baita Veglia,· Ristorante,"4,3",(264),price not available,"Livigno, Via Palipert, 18",livigno,10.13481042,46.53867334,google
Hotel Sporting,· Ristorante,"4,9",(410),price not available,"Via Saroch, 1272",livigno,10.13481042,46.53867334,google
Focolare,·  · Ristorante,"4,4",(1074),€€,"Via Ostaria, 148",livigno,10.13481042,46.53867334,google
Ristorante Il Cenacolo,·  · Italiana,"4,4",(1236),€€,"Via Pedrana, 4",livigno,10.13481042,46.53867334,google
Paprikalivigno,· Ristorante,"4,3",(599),price not available,"Via Plan, 259",livigno,10.13481042,46.53867334,google
Ristorante La Pòsa,· Ristorante,"4,7",(433),price not available,"Via Taglieda, 58",livigno,10.13481042,46.53867334,google
Risto-Pasta Bar Dosdè,·  · Ristorante,"4,4",(924),€€,"Via Ostaria, 209",livigno,10.13481042,46.53867334,google
Ristorante Pizzeria San Giovanni,·  · Italiana,"4,5",(777),€€,"Via Florin, 40",livigno,10.13481042,46.53867334,google
Bellavista,·  · Ristorante,"4,5",(2112),€€,"Via Saroch, 425",livigno,10.13481042,46.53867334,google
Mota Hotel,· Ristorante,"4,6",(782),price not available,"Via Ostaria, 11",livigno,10.13481042,46.53867334,google
Ristoro Val Alpisella,·  · Ristorante,"4,5",(2134),€€,"Via Restel, 2373",livigno,10.13481042,46.53867334,google
WhyNot? Livigno,·  · Hamburger,"4,6",(1324),€€,"Via Botarel, 33",livigno,10.13481042,46.53867334,google
Tea Borch,· Ristorante,"4,5",(203),price not available,Via Tea dal Pel,livigno,10.13481042,46.53867334,google
Gatto Nero,·  · Italiana,"4,2",(329),€,"SS301, 6083",livigno,10.13481042,46.53867334,google
Hotel Posta,· Ristorante,"4,2",(402),price not available,"Via Plaza dal Comun, 67",livigno,10.13481042,46.53867334,google
Tipo coffee & more,· Caffetteria,"4,7",(97),price not available,Via Prestefan,livigno,10.13481042,46.53867334,google
Stalet,·  · Ristorante,"4,4",(411),€€,"Via Saroch, 1242/E",livigno,10.13481042,46.53867334,google
Covo - Ristorante Pizzeria,· Ristorante,"4,4",(12),price not available,Via Fontana,livigno,10.13481042,46.53867334,google
Stua da Legn Restaurant,· Ristorante,"4,1",(16),price not available,"Via Saroch, 496/D",livigno,10.13481042,46.53867334,google
Il Dopolavoro,· Bar caffè,"4,2",(137),price not available,"Via Pienz, 19",livigno,10.13481042,46.53867334,google
Albergo Pontiglia,· Ristorante,"4,3",(310),price not available,"Via Pontiglia, 578",livigno,10.13481042,46.53867334,google
Mont Chalet Nevada Hotel & SPA,· Ristorante,"4,4",(270),price not available,"Via Saroch, 35",livigno,10.13481042,46.53867334,google
Arimo Livigno,· Bar,"4,8",(125),price not available,"Via Saroch, 785",livigno,10.13481042,46.53867334,google
Luciano’s Restaurant,· Ristorante,"3,7",(3),price not available,G5H7+39,livigno,10.13481042,46.53867334,google
Hotel Ristorante Camana Veglia,· Ristorante,"4,7",(234),price not available,"Via Ostaria, 583",livigno,10.13481042,46.53867334,google
Hotel Margherita,· Ristorante,"4,5",(813),price not available,"Via Teola, 65",livigno,10.13481042,46.53867334,google
Engadina Bar & Caffetteria,·  · Bar,"4,4",(660),€€,"Via dala Gesa, 473",livigno,10.13481042,46.53867334,google
Ristoro Scialket,·  · Ristorante,"4,6",(294),€€,Via Chestèl,livigno,10.13481042,46.53867334,google
Ermellino Rustic Restaurant,·  · Ristorante,"4,6",(307),€€,"Passo Eira, SS301, 6073",livigno,10.13481042,46.53867334,google
La Pernice Di Rodigari Diego Luigi,·  · Ristorante,"4,7",(677),€€,"Via Presot, 321",livigno,10.13481042,46.53867334,google
Al Baitin Da Giordano,· Ristorante,not available,not available,price not available,Via Pemont,livigno,10.13481042,46.53867334,google
Bivio Hotel Plaza,· Hotel,"4,6",(1122),price not available,"Via Plan, 422",livigno,10.13481042,46.53867334,google
Alibi Cafe',·  · Bar caffè,"4,2",(319),€€,"Via Sant'Antoni, 130",livigno,10.13481042,46.53867334,google
Hotel Bucaneve,· Ristorante,"4,4",(415),price not available,"SS301, 194",livigno,10.13481042,46.53867334,google
Pasticceria Goloseria Galli,·  · Pasticceria,"4,2",(218),€€,"Via Bondi, 487",livigno,10.13481042,46.53867334,google
CAMPO BASE 1816,·  · Ristorante,"4,2",(119),€€,"Via Pemont, 808",livigno,10.13481042,46.53867334,google
Fior di bosco,· Ristorante,"4,2",(12),price not available,"Via Freita, 1348",livigno,10.13481042,46.53867334,google
RISTORANTE CAMANA VEGLIA,· Ristorante,"5,0",(1),price not available,"Via Ostaria, 583",livigno,10.13481042,46.53867334,google
Hotel Angelica,· Hotel,"4,3",(771),price not available,"Via Crosal, 54",livigno,10.13481042,46.53867334,google
Marcos Pub & Bistot,·  · Pub,"4,5",(1151),€€,"Via Saroch, 591",livigno,10.13481042,46.53867334,google
La Calcheira,·  · Ristorante,"4,7",(2058),€€,"Via Fedaria, 61/a",livigno,10.13481042,46.53867334,google
Caffe Mokino,· Caffè,"4,2",(128),price not available,"Via Ostaria, 489",livigno,10.13481042,46.53867334,google
Ristoro Fopel,·  · Ristorante,"4,6",(553),€,"Via della Val, 6071",livigno,10.13481042,46.53867334,google
Alpino Lodge Bivio,· Ristorante,"4,5",(952),price not available,"Via, SS301",livigno,10.13481042,46.53867334,google
Hotel Amerikan,· Hotel,"4,4",(683),price not available,"Via Florin, 77/93",livigno,10.13481042,46.53867334,google
Agriturismo Fontanella,· Ristorante,"4,6",(322),price not available,"Via Palipert, 421 D",livigno,10.13481042,46.53867334,google
Bait dai Bernardegh,· Ristorante,"5,0",(1),price not available,Livigno SO,livigno,10.13481042,46.53867334,google
Cusini.com Livigno Experience,· Ristorante,"4,4",(1407),price not available,"Via Plan, 363",livigno,10.13481042,46.53867334,google
La Tea Cip & Ciop,·  · Ristorante,"4,7",(664),€€,Via Tea dal Pel,livigno,10.13481042,46.53867334,google
Hotel Helvetia,· Hotel,"3,8",(713),price not available,"Via Plan, 415",livigno,10.13481042,46.53867334,google
Costaccia,·  · Italiana,"4,4",(3231),€€,"Via Ostaria, 79/C Località Costaccia",livigno,10.13481042,46.53867334,google
Agriturismo Alpe Mine - Livigno,·  · Ristorante,"4,5",(375),€€,Valle Delle Mine,livigno,10.13481042,46.53867334,google
Hotel Livigno,· Albergo benessere,"4,4",(231),price not available,"Via Ostaria, 573",livigno,10.13481042,46.53867334,google
Ristorante Pizzeria La Baitella,·  · Ristorante,"4,4",(1558),€€,"Via Pineta, 71",songavazzo,9.98981791,45.88091617,google
Ristorante bar Derby,·  · Ristorante,"4,3",(259),€,"Via Vittorio Veneto, 25",songavazzo,9.98981791,45.88091617,google
Errante del gusto,· Cibo salutare,"5,0",(10),price not available,"Via Roma, 9",songavazzo,9.98981791,45.88091617,google
Pizzicotti,·  · Pizza,"4,5",(93),€,Cerete BG,songavazzo,9.98981791,45.88091617,google
Ristorante Pizzeria Vittoria da Tiziano e Marika,·  · Ristorante,"4,4",(116),€€,Rovetta BG,songavazzo,9.98981791,45.88091617,google
Ristorante La Sosta,· Ristorante,"4,5",(146),price not available,not available,carona,9.78549341,46.02183878,google
Ristorante Posta,·  · Ristorante,"4,4",(183),€€,"Lugano, Svizzera",carona,9.78549341,46.02183878,google
Ristorante San Grato,·  · Ristorante,"4,3",(94),€€,"Lugano, Svizzera",carona,9.78549341,46.02183878,google
Grotto Pan Perdü,·  · Ristorante,"4,1",(100),€€,"Lugano, Svizzera",carona,9.78549341,46.02183878,google
Al Solito Posto,· Pizza,"3,8",(63),price not available,Carona BG,carona,9.78549341,46.02183878,google
Albergo Carona,· Ristorante,"4,0",(104),price not available,Carona BG,carona,9.78549341,46.02183878,google
Giovanni Albisetti,· Ristorante,not available,not available,price not available,"Lugano, Svizzera",carona,9.78549341,46.02183878,google
Osteria Ciona,· Ristorante,"3,0",(2),price not available,"Grancia, Svizzera",carona,9.78549341,46.02183878,google
Edelweiss 2.0_Carona,· Gelato,"4,7",(112),price not available,Carona BG,carona,9.78549341,46.02183878,google
Osteria Calprino,·  · Cucina tradizionale,"4,6",(180),€€,"Paradiso, Svizzera",carona,9.78549341,46.02183878,google
"Ristorante POSTA di Parini, Parini e Cassina",· Ristorante,"3,0",(2),price not available,"Lugano, Svizzera",carona,9.78549341,46.02183878,google
Pizzeria Stella Alpina Di Vanini Celestina,· Pizza,"4,3",(34),price not available,Carona BG,carona,9.78549341,46.02183878,google
QuaterPis,·  · Ristorante,"4,4",(381),€€,"Via Placido Piantoni, 13",colere,10.08572191,45.97390225,google
Bucaneve,·  · Pizza,"4,7",(238),€€,"Via Tortola, 14",colere,10.08572191,45.97390225,google
Nevada,·  · Pizza,"4,5",(198),€€,"Via Carbonera, 31A",colere,10.08572191,45.97390225,google
Serenella,·  · Italiana,"4,5",(475),€€,"Via Valle Sponda, 7",colere,10.08572191,45.97390225,google
BLU BAR,·  · Bar,"4,2",(94),€,"Via Tortola, 28",colere,10.08572191,45.97390225,google
Cesira,·  · Ristorante,"4,7",(529),€€€,"Via Cantoniera della Presolana, 1",colere,10.08572191,45.97390225,google
UL BARACHI di Silvy Lazzaroni,·  · Bar,"4,4",(76),€,Via Asline,colere,10.08572191,45.97390225,google
Baita Cima Bianca,·  · Ristorante,"4,1",(94),€€,Colere BG,colere,10.08572191,45.97390225,google
Rifugio Chalet Plan del Sole,· Ristorante,"4,1",(263),price not available,"Via Malga, Polzone - Cima Bianca",colere,10.08572191,45.97390225,google
Bar Cimaverde,·  · Bar,"4,4",(90),€,"Via Tortola, 11",colere,10.08572191,45.97390225,google
La Vecchia Cantoniera,· Ristorante,"4,6",(97),price not available,"Via Cantoniera, 7",colere,10.08572191,45.97390225,google
La Baita,·  · Ristorante,"4,5",(724),€€,"Via Cantoniera, 16",colere,10.08572191,45.97390225,google
Ristorante Pizzeria Rosengarden,·  · Ristorante,"4,4",(1011),€€,"Via Nazionale, 54/B",valdidentro,10.29680566,46.48933294,google
Agriturismo Baita de l'All - Ristorante,· Ristorante,"4,9",(110),price not available,not available,valdidentro,10.29680566,46.48933294,google
Ristorante Cima Piazzi,· Ristorante,"4,7",(15),price not available,not available,valdidentro,10.29680566,46.48933294,google
Agriturismo Ristorante Raethia,· Ristorante,"4,3",(227),price not available,not available,valdidentro,10.29680566,46.48933294,google
Rifugio Ristoro Monte Scale Valdidentro,· Ristorante,"4,3",(421),price not available,⋅ Apre mar alle ore 09,valdidentro,10.29680566,46.48933294,google
Agriturismo Baita de l'All,· Agriturismo,"4,8",(398),price not available,not available,valdidentro,10.29680566,46.48933294,google
Rifugio Ristoro Val Fraele,·  · Ristorante,"3,9",(265),price not available,€€,valdidentro,10.29680566,46.48933294,google
La Baita,· Ristorante,"4,0",(66),price not available,not available,valdidentro,10.29680566,46.48933294,google
Ristorante Pizzeria Miravalle,· Pizza,"4,7",(36),price not available,not available,valdidentro,10.29680566,46.48933294,google
Rifugio Conca Bianca,· Ristorante,"4,1",(392),price not available,⋅ Apre mar alle ore 09,valdidentro,10.29680566,46.48933294,google
Mamafranca,·  · Americana,"4,4",(277),price not available,€€,valdidentro,10.29680566,46.48933294,google
L'involt,·  · Pizza,"4,7",(334),price not available,€,valdidentro,10.29680566,46.48933294,google
Hotel Cardo,· Ristorante,"4,5",(348),price not available,not available,valdidentro,10.29680566,46.48933294,google
Alpen Hotel Valdidentro,· Ristorante,"4,6",(443),price not available,not available,valdidentro,10.29680566,46.48933294,google
Hotel Cima Piazzi,· Ristorante,"4,4",(268),price not available,not available,valdidentro,10.29680566,46.48933294,google
Osteria,·  · Ristorante,"5,0",(1),price not available,€,valdidentro,10.29680566,46.48933294,google
Rifugio Ristoro San Giacomo Cancano,· Ristorante,"4,1",(176),price not available,not available,valdidentro,10.29680566,46.48933294,google
Ristorante Pizzeria San Carlo,· Pizza,"4,3",(69),price not available,not available,valdidentro,10.29680566,46.48933294,google
Rifugio Ristoro Solena,· Ristorante,"4,0",(140),price not available,not available,valdidentro,10.29680566,46.48933294,google
RISTORANTE PIZZERIA RUSTICA,·  · Italiana,"4,2",(317),€€,Piazzatorre BG,piazzatorre,9.68557205,45.99001243,google
Alpenrose,· Ristorante,"4,6",(14),price not available,not available,piazzatorre,9.68557205,45.99001243,google
Bianchi Fulvia,· Ristorante,"4,1",(128),price not available,not available,piazzatorre,9.68557205,45.99001243,google
Albergo Piazzatorre,· Ristorante,"4,6",(107),price not available,not available,piazzatorre,9.68557205,45.99001243,google
Hotel Le Pinete,· Ristorante,"4,4",(166),price not available,not available,piazzatorre,9.68557205,45.99001243,google
Bar Luna A.S.P.,·  · Bar,"4,1",(81),price not available,€,piazzatorre,9.68557205,45.99001243,google
Osteria De I Magri | Ristorante Tipico Valtellinese e Cucina Sarda,·  · Ristorante,"4,4",(481),€€,"Vicolo Galileo Galilei, 1",bormio,10.37559509,46.47015993,google
Al Filò,·  · Ristorante,"4,6",(1319),€€,"Via Dante Alighieri, 6",bormio,10.37559509,46.47015993,google
Ristorante Da Riccardo,· Ristorante,"4,3",(49),price not available,"Via Santo Lorenzo, 2",bormio,10.37559509,46.47015993,google
Ristorante pizzeria Sunrise Bormio,·  · Ristorante,"4,3",(1495),€€,"Via Don Evaristo Peccedi, 24",bormio,10.37559509,46.47015993,google
The Steak House Bormio,·  · Steakhouse,"4,2",(2004),€€,"Via Roma, 21",bormio,10.37559509,46.47015993,google
Trattoria Tipica Montana,· Ristorante,"4,0",(305),price not available,"Via Milano, 76",bormio,10.37559509,46.47015993,google
Ristorante Miramonti,· Ristorante,"3,5",(12),price not available,"Strada del Passo dello Stelvio, 46-50",bormio,10.37559509,46.47015993,google
Ristorante Kuerc,·  · Ristorante,"4,0",(606),€€,"Piazza Cavour, 8",bormio,10.37559509,46.47015993,google
Ristorante e Pizzeria Contado,·  · Ristorante,"3,9",(410),€€,"Via della Vittoria, 6/b",bormio,10.37559509,46.47015993,google
La Sablonera ristorante,· Ristorante,"4,6",(132),price not available,"Via Coltura, 4",bormio,10.37559509,46.47015993,google
Mary + Co,· Cucina tradizionale,"3,9",(74),price not available,"Via Massimo Longa, 5",bormio,10.37559509,46.47015993,google
Cristall Bar Mountain Bistrot,·  · Cucina tradizionale,"4,2",(333),€€,"Via Funivia, 35/37",bormio,10.37559509,46.47015993,google
La Stua Pizzeria Ristorante,·  · Pizza,"4,1",(1342),€€,"Via Milano, 93",bormio,10.37559509,46.47015993,google
Nevada Restaurant and Cafe',· Ristorante,"4,0",(25),price not available,"Via Battaglion Morbegno, 23",bormio,10.37559509,46.47015993,google
Be White Après Ski & Restaurant,·  · Ristorante,"4,4",(329),€€,"Via Battaglion Morbegno, 25",bormio,10.37559509,46.47015993,google
Bistrot Pizzeria Umami,·  · Ristorante,"4,3",(720),€€,"Via Stelvio, 23",bormio,10.37559509,46.47015993,google
Ristorante hotel Baita dei Pini,· Italiana,"5,0",(2),price not available,"Via Don Evaristo Peccedi, 15",bormio,10.37559509,46.47015993,google
Ristorante Stella Di Bormetti Cristina,· Ristorante,not available,not available,price not available,"Via Roma, 101",bormio,10.37559509,46.47015993,google
BeSushi Bormio,· Sushi,"4,3",(68),price not available,"Via Battaglion Morbegno, 25",bormio,10.37559509,46.47015993,google
Sun Day Bottega,· Bistrò,"4,0",(6),price not available,"Via Funivia, 39",bormio,10.37559509,46.47015993,google
Rebel8,· Ristorante,"4,1",(11),price not available,"Via dei Molini, 16A",bormio,10.37559509,46.47015993,google
Agriturismo Rini,· Ristorante,"4,6",(1215),price not available,"Via Cav. Pietro Rini, 2",bormio,10.37559509,46.47015993,google
Al Fiume apres bike,·  · Griglia,"4,6",(395),€€,"Via Silvio Pellico, 15",bormio,10.37559509,46.47015993,google
Chalet I Rododendri,· Ristorante,not available,not available,price not available,Bormio SO,bormio,10.37559509,46.47015993,google
Hotel La Genzianella,· Ristorante,"4,9",(505),price not available,"Via Zandilla, 6",bormio,10.37559509,46.47015993,google
Bar a la Torre Paninoteca,·  · Bar,"4,4",(117),€€,"Piazza Cavour, 12A",bormio,10.37559509,46.47015993,google
Ke Pizza Bormio Takeaway,·  · Pizza da asporto,"4,4",(286),€,"Via Santo Lorenzo, 4/58",bormio,10.37559509,46.47015993,google
Bar Lord Byron,· Panini,"4,5",(146),price not available,"Via Santa Barbara, 30",bormio,10.37559509,46.47015993,google
Bar Nuovo - Trattoria da Ivo,·  · Bar,"4,2",(311),€€,"Via Milano, 8",bormio,10.37559509,46.47015993,google
Umami,· Hotel,"4,7",(7),price not available,"Via Monte Cristallo, 21",bormio,10.37559509,46.47015993,google
"Bar Le Corti, Tavola Calda",· Bar caffè,"4,1",(511),price not available,"Via Milano, 60",bormio,10.37559509,46.47015993,google
Agriturismo SanGallo,· Ristorante,"4,6",(378),price not available,"Via Per Premadio, 30",bormio,10.37559509,46.47015993,google
Bormio Power - Ristorante/Bar,· Italiana,"4,8",(119),price not available,"Via Milano, 104",bormio,10.37559509,46.47015993,google
Osteria Al Dosso,·  · Ristorante,"4,6",(158),€€,"Via Dosso, 1",aprica,10.15206343,46.15334799,google
Ristorante Il Piccolo Chalet,·  · Ristorante,"4,5",(514),€€,Via Magnolta Località Parade,aprica,10.15206343,46.15334799,google
Ristorante La Caveja,·  · Ristorante,"4,3",(833),€€,"Via Europa, 78",aprica,10.15206343,46.15334799,google
La Taverna degli Elfi,·  · Ristorante,"4,4",(341),€€,"Via Europa, 43",aprica,10.15206343,46.15334799,google
Ristorante Francesco,·  · Ristorante,"4,2",(422),€€,"Corso Roma, 37",aprica,10.15206343,46.15334799,google
Ristorante Pizzeria Ambrosini,·  · Ristorante,"4,3",(609),€€,"Corso Roma, 158",aprica,10.15206343,46.15334799,google
ristorante bar bistrot Aprica,·  · Ristorante,"4,3",(189),€€,"Corso Roma, 79",aprica,10.15206343,46.15334799,google
Ristorante Firenze,·  · Italiana,"4,4",(425),€€,"Corso Roma, 223",aprica,10.15206343,46.15334799,google
Ristorante La Stua,· Ristorante,"2,7",(3),price not available,"Via Valtellina, 11",aprica,10.15206343,46.15334799,google
Gimmy's Restaurant,· Ristorante,"3,9",(59),price not available,Via Privata Gemelli,aprica,10.15206343,46.15334799,google
Stambech ristorante Argentino,·  · Argentina,"4,6",(699),€€,"Corso Roma, 77",aprica,10.15206343,46.15334799,google
Ristorante Barbasch,·  · Ristorante,"4,0",(201),€€,"Via Valtellina, 35",aprica,10.15206343,46.15334799,google
Plona,·  · Italiana,"4,4",(668),€€,"Corso Roma, 209",aprica,10.15206343,46.15334799,google
Ristoro Tipico dal Duménac,·  · Pizza,"4,1",(685),€€,"Corso Roma, 172",aprica,10.15206343,46.15334799,google
pizzeria e paninoteca san Giorgio,· Pizza,"4,4",(19),price not available,"Via Valtellina, 11",aprica,10.15206343,46.15334799,google
Agriturismo Lì Spondi,· Ristorante,"4,6",(32),price not available,Aprica SO,aprica,10.15206343,46.15334799,google
Pizzeria,· Ristorante,"3,2",(5),price not available,"Corso Roma, 172",aprica,10.15206343,46.15334799,google
The Keller Pub,·  · Pub irlandese,"4,4",(469),€€,"Corso Roma, 240",aprica,10.15206343,46.15334799,google
Ristorante Pizzeria Stofol - Aprica (so),· Ristorante,"3,9",(378),price not available,Aprica SO,aprica,10.15206343,46.15334799,google
Food Passion,· Ristorante da asporto,not available,not available,price not available,"Corso Roma, 101",aprica,10.15206343,46.15334799,google
Paras PIZZE & KEBAB,·  · Negozio di kebab,"4,1",(141),€,"Corso Roma, 4",aprica,10.15206343,46.15334799,google
Hotel Meublè Ambrosini,· Ristorante,"4,4",(144),price not available,"Via Magnolta, 7",aprica,10.15206343,46.15334799,google
Ristoro Paso',·  · Ristorante,"4,2",(636),€€,Via Palabione,aprica,10.15206343,46.15334799,google
Boomerang Cafe,·  · Bar,"4,2",(106),€€,"Corso Roma, 97",aprica,10.15206343,46.15334799,google
Grizzly Bar,·  · Bar,"4,7",(287),€€,"Via Adamello, 6",aprica,10.15206343,46.15334799,google
Bar Italia,· Bar,"4,4",(22),price not available,"Corso Roma, 146",aprica,10.15206343,46.15334799,google
Macelleria E Gastronomia,· Negozio di alimentari,"5,0",(1),price not available,"Corso Roma, 118",aprica,10.15206343,46.15334799,google
Penak Burger,· Ristorante,"4,1",(108),price not available,"Corso Roma, 198",aprica,10.15206343,46.15334799,google
Ristorante Piscè,·  · Ristorante,"4,4",(185),€,Villa di tirano SO,aprica,10.15206343,46.15334799,google
"Baita ""Le lische""",·  · Ristorante,"4,3",(239),€€,Località Lische,aprica,10.15206343,46.15334799,google
Loft Cafe Aprica,· Bar,"4,6",(94),price not available,"Via Europa, 144",aprica,10.15206343,46.15334799,google
La Quercia Antica,· Ristorante,"4,3",(67),price not available,Tirano SO,aprica,10.15206343,46.15334799,google
Bar Ca'Disi,·  · Bar,"4,2",(643),€€,"Corso Roma, 215",aprica,10.15206343,46.15334799,google
Hotel Club Funivia,· Ristorante,"4,3",(294),price not available,"Piazza Baradello, 2",aprica,10.15206343,46.15334799,google
